producto_unificado,categorias,sub-categoria,Indice
fernet branca 750cc,bebidas,alcoholica,Bebidas alcoholicas y tabaco
quilmes 6u 473cc,bebidas,alcoholica,Bebidas alcoholicas y tabaco
coca cola 1.5L,bebidas,no alcoholica,Bebidas no alcoholicas
yerba mate playadito 500g,bebidas,no alcoholica,Bebidas no alcoholicas
finlandia light 180g,alimentos,pan y lacteos,Pan / pastas y cereales
pan de mesa bimbo artesano 500g,alimentos,pan y lacteos,Pan / pastas y cereales
crema para batir LS 520cc,alimentos,pan y lacteos,Pan / pastas y cereales
manteca LS 200g,alimentos,pan y lacteos,Pan / pastas y cereales
mayonesa hellmann 950g,alimentos,aderezos,Aceites/ aderezos/ grasas y manteca
ketchup hellmans 250g,alimentos,aderezos,Aceites/ aderezos/ grasas y manteca
salchicas paladini 6u,alimentos,carnes y huevo,Carnes y derivados
pan de pancho bimbo artesano 6u,alimentos,pan y lacteos,Pan / pastas y cereales
tang polvo 15g,bebidas,no alcoholica,Bebidas no alcoholicas
casancrem clasico 290g,alimentos,aderezos,Aceites/ aderezos/ grasas y manteca
dolca suave origenes 170g,alimentos,otros,Bebidas no alcoholicas
rubia imperial extra laguer 473cc,bebidas,alcoholica,Bebidas alcoholicas y tabaco
tomate perita salsati LC 240g,alimentos,otros,Verduras/ tuberculos y legumbres
pure de tomate la campagnola 520g,alimentos,otros,Verduras/ tuberculos y legumbres
sonrisas x3 324g,alimentos,otros,Azucar/ dulces/ chocolate/golosinas/ etc.
imperial lager 473ml,bebidas,alcoholica,Bebidas alcoholicas y tabaco
huevo color 12u la piara,alimentos,carnes y huevo,Carnes y derivados
huevo color 12u avicoper,alimentos,carnes y huevo,Carnes y derivados
queso cremon cremoso 1kg,alimentos,pan y lacteos,Pan / pastas y cereales
leche 1% LS 1L,bebidas,no alcoholica,Bebidas no alcoholicas
atun lc 170g,alimentos,carnes y huevo,Carnes y derivados
yogur ls 900g,alimentos,pan y lacteos,Pan / pastas y cereales
tapa de asado 1kg,alimentos,carnes y huevo,Carnes y derivados
milanesa nalga 1kg,alimentos,carnes y huevo,Carnes y derivados
tapa de nalga 1kg,alimentos,carnes y huevo,Carnes y derivados
pollo entero cong. 1kg,alimentos,carnes y huevo,Carnes y derivados
lavandina ayudin 1l,limpieza,casa,limpieza
detergente cif bioactive 500cc,limpieza,casa,limpieza
procenex 1.8l,limpieza,casa,limpieza
ddl clasico ls 400g,alimentos,pan y lacteos,Pan / pastas y cereales
acondicionador dove rec. Total 400 ml,limpieza,personal,limpieza
shampoo dove rec. Total 400 ml,limpieza,personal,limpieza
babysec ultrasoft 52 un.,limpieza,personal,limpieza
vinagre alcohol menoyo 500ml,alimentos,aderezos,Aceites/ aderezos/ grasas y manteca
minerva 250ml,alimentos,aderezos,Aceites/ aderezos/ grasas y manteca
arroz molinos 1kg,alimentos,otros,Pan / pastas y cereales
arroz gallor oro 500g,alimentos,otros,Pan / pastas y cereales
sal dos anclas parrillera 500g,alimentos,aderezos,Aceites/ aderezos/ grasas y manteca
zucaritas 490g,alimentos,otros,Pan / pastas y cereales
copos de maiz granix 400g,alimentos,otros,Pan / pastas y cereales
alfajor triple milka ddl 70g,alimentos,otros,Azucar/ dulces/ chocolate/golosinas/ etc.
cuaderno 42 hojas america,libreria,cuadernos,libreria
lapicera bic 3u,libreria,lapiceras,libreria
lapiz grafito paper mate con goma 3u,libreria,lapices,libreria
lapiz grafito bic 4u,libreria,lapices,libreria
lapices de colores carrefour 24u,libreria,lapices,libreria
marcador permanente maped 12u,libreria,marcadores,libreria
goma de borrar maped 2u,libreria,gomas,libreria
cuaderno rayado america 80 hojas,libreria,cuadernos,libreria
mochila m70 classic,libreria,mochilas,libreria
remera fila,prendas y calzado,remeras,Prendas de vestir
zapatilla nike court vision alta,prendas y calzado,calzado,Calzado
zapatilla nike air max sc,prendas y calzado,calzado,Calzado
remera UA entrenamiento,prendas y calzado,remeras,Prendas de vestir
pantalalon puma lemlem,prendas y calzado,pantalon,Prendas de vestir
pantalon adidas outdoor,prendas y calzado,pantalon,Prendas de vestir
pantalon nike drifit,prendas y calzado,pantalon,Prendas de vestir
medidas adidas light low,prendas y calzado,medias,Calzado
medidas nike everyday x3,prendas y calzado,medias,Calzado
levis jeans hombre_1,prendas y calzado,jeans,Prendas de vestir
levis jeans hombre_2,prendas y calzado,jeans,Prendas de vestir
levis jeans hombre_3,prendas y calzado,jeans,Prendas de vestir
levis jeans hombre_4,prendas y calzado,jeans,Prendas de vestir
levis jeans hombre_5,prendas y calzado,jeans,Prendas de vestir
levis jeans hombre_6,prendas y calzado,jeans,Prendas de vestir
levis camisa hombre_1,prendas y calzado,camisas,Prendas de vestir
levis camisa hombre_2,prendas y calzado,camisas,Prendas de vestir
levis camisa hombre_3,prendas y calzado,camisas,Prendas de vestir
levis camisa hombre_4,prendas y calzado,camisas,Prendas de vestir
levis camisa hombre_5,prendas y calzado,camisas,Prendas de vestir
levis camisa hombre_6,prendas y calzado,camisas,Prendas de vestir
levis jeans mujer_1,prendas y calzado,jeans,Prendas de vestir
levis jeans mujer_2,prendas y calzado,jeans,Prendas de vestir
levis jeans mujer_3,prendas y calzado,jeans,Prendas de vestir
levis jeans mujer_4,prendas y calzado,jeans,Prendas de vestir
levis jeans mujer_5,prendas y calzado,jeans,Prendas de vestir
levis jeans mujer_6,prendas y calzado,jeans,Prendas de vestir
levis sweater mujer_1,prendas y calzado,sweaters,otro
levis sweater mujer_2,prendas y calzado,sweaters,otro
levis sweater mujer_3,prendas y calzado,sweaters,otro
levis sweater mujer_4,prendas y calzado,sweaters,otro
levis sweater mujer_5,prendas y calzado,sweaters,otro
levis sweater mujer_6,prendas y calzado,sweaters,otro
Alcohol Alcoprotect 96deg Alimenticio,perfumeria,farmacia,farmacia
Curitas Transpiel X 10,perfumeria,farmacia,farmacia
Apositos Adhesivos Curitas Frozen Ii Para Ninos X 20 Ud,perfumeria,farmacia,farmacia
Vintage Raglan Crew,prendas y calzado,sweaters y buzos,Prendas de vestir
512 Slim Taper,prendas y calzado,jeans,Prendas de vestir
SS Richmond Shirt,prendas y calzado,camisas,Prendas de vestir
Freidora De Aire Airfryer Philips Hd9200/90,electrodomesticos y tecnologia,pequenos electrodomesticos,celulares y pequenos electrodomesticos
"Pava Electrica Plastico 1,7 Lts Kp2720 Nex",electrodomesticos y tecnologia,pequenos electrodomesticos,celulares y pequenos electrodomesticos
Secador De Pelo Remington D27a,electrodomesticos y tecnologia,pequenos electrodomesticos,celulares y pequenos electrodomesticos
Aspiradora S/bolsa 1400w Blue Midea,electrodomesticos y tecnologia,pequenos electrodomesticos,celulares y pequenos electrodomesticos
"Pava Electrica Liliana Ap165 1,7l",electrodomesticos y tecnologia,pequenos electrodomesticos,celulares y pequenos electrodomesticos
Cortapelo Philco Hc7901pp,electrodomesticos y tecnologia,pequenos electrodomesticos,celulares y pequenos electrodomesticos
Sandwichera Liliana As990,electrodomesticos y tecnologia,pequenos electrodomesticos,celulares y pequenos electrodomesticos
Pasta Dental Sensodyne Blanqueador Extra Fresh 90gr,perfumeria,cuidado oral,cuidado oral
Alcohol Alcoprotect 96deg Alimenticio 500,perfumeria,farmacia,farmacia
Lomo Bocatti Feteado X 70 Gr,fiambres y quesos,quesos,Leche/ productos lacteos/ huevos y alimentos vegetales
Jamon Cocido Natural Feteado L'abratto,fiambres y quesos,quesos,Leche/ productos lacteos/ huevos y alimentos vegetales
Queso Reggianito Rallado La Serenisima 175gr,fiambres y quesos,quesos,Leche/ productos lacteos/ huevos y alimentos vegetales
Pechito De Cerdo En Tiras,carnes,cerdo,Carnes y derivados
Osobuco,carnes,vaca,Carnes y derivados
Matambre,carnes,vaca,Carnes y derivados
Celular libre ZTE a33 plus 2gb 32gb,electrodomesticos y tecnologia,celulares,celulares y pequenos electrodomesticos
Smartwatch Noga ng sw04ng,electrodomesticos y tecnologia,celulares,celulares y pequenos electrodomesticos
Celular libre TCL 403 2gb 32 gb black,electrodomesticos y tecnologia,celulares,celulares y pequenos electrodomesticos
Consola PS5 HW 1215 God of War STANDARD ARG,electrodomesticos y tecnologia,informatica,informatica
Memoria 128GB Maxell MICRO SD CL10,electrodomesticos y tecnologia,informatica,informatica
Notebook Exo 2 en 1 10 cel n4020 4gb ram 128gb ssd w,electrodomesticos y tecnologia,informatica,informatica
Botella tinta Epson T544120-2P pack x 2 uni negro,electrodomesticos y tecnologia,informatica,informatica
Yogur batido con cereales La Serenisima clasico 159 g.,lacteos,yogures,Leche/ productos lacteos/ huevos y alimentos vegetales
Te de boldo en saquitos Taragui 25 u.,desayuno,infusiones,Bebidas no alcoholicas
Tostadas de arroz Carrefour clasicas 150 g. sin TACC,sin TACC,sin TACC,sin TACC
Polvo para hornear Pergola 50 g. sin TACC,sin TACC,sin TACC,sin TACC
Mate cocido en saquitos Carrefour sin TACC x 100 un.,sin TACC,sin TACC,sin TACC
Milanesa De Soja Granja Del Sol C/espinaca 330g,congelados,congelados,Leche/ productos lacteos/ huevos y alimentos vegetales
Hamburguesas Paty De Carne 20 U - 1600 Gr,congelados,congelados,Carnes y derivados
Vinagre De Alcohol Menoyo 1 L,almacen,aceites,Aceites/ aderezos/ grasas y manteca
Aceite De Oliva Clasico Oliovita 500 Ml,almacen,aceites,Aceites/ aderezos/ grasas y manteca
Papa cepillada x kg.,frutas y verduras,verduras,Verduras/ tuberculos y legumbres
Tomate cherry rojo Huella Natural x kg.,frutas y verduras,verduras,Verduras/ tuberculos y legumbres
Champignones blanco 200 g.,frutas y verduras,verduras,Verduras/ tuberculos y legumbres
Ajo x kg.,frutas y verduras,verduras,Verduras/ tuberculos y legumbres
Fideos tallarin La Providencia 500 g.,almacen,pastas,Pan / pastas y cereales
Arvejas Cuisine-co 300 Gr,almacen,conservas,Verduras/ tuberculos y legumbres
Lentejas Cuisine-co 300 Gr,almacen,conservas,Verduras/ tuberculos y legumbres
Kiwi Huella Natural x kg.,frutas y verduras,frutas,Frutas
Lechuga francesa x kg.,frutas y verduras,verduras,Verduras/ tuberculos y legumbres
Rucula x 1 atado,frutas y verduras,verduras,Verduras/ tuberculos y legumbres
Vinagre De Alcohol Favinco 1300 Ml,almacen,aceites,Aceites/ aderezos/ grasas y manteca
Aceite De Oliva Virgen Cuisine And Co 500 Ml,almacen,aceites,Aceites/ aderezos/ grasas y manteca
Aceite De Oliva Extra Virgen Cuisine And Co 500 Ml,almacen,aceites,Aceites/ aderezos/ grasas y manteca
Aceite De Oliva Azait 500 Ml,almacen,aceites,Aceites/ aderezos/ grasas y manteca
"Bermuda Rip curl wa je rlx big size 22"" hombre",bazar y textil,indumentaria,Prendas de vestir
Slouchy 90's Striped Sweat,prendas y calzado,sweaters y buzos,Prendas de vestir
Megapack Sodastream Terra Black,electrodomesticos y tecnologia,pequenos electrodomesticos,celulares y pequenos electrodomesticos
Apositos Surtidos Curitas Transpiel Resistentes Al Agua X 40 Ud,perfumeria,farmacia,farmacia
Jamon Cocido Lario Feteado,fiambres y quesos,quesos,Leche/ productos lacteos/ huevos y alimentos vegetales
Jamon Crudo Lario Feteado,fiambres y quesos,quesos,Leche/ productos lacteos/ huevos y alimentos vegetales
Salamin Lario Picado Fino Tipo Tandilero Kg,fiambres y quesos,quesos,Leche/ productos lacteos/ huevos y alimentos vegetales
Reproductor streaming Roku Express 3930mx 512MB,electrodomesticos y tecnologia,informatica,informatica
Fideos mostachol rayado Carrefour classic 500 g.,almacen,pastas,Pan / pastas y cereales
Pure De Tomate Salsati 520 Gr,almacen,pastas,Pan / pastas y cereales
Uva red globe Huella Natural x kg.,frutas y verduras,frutas,Frutas
Berenjena negra x kg.,frutas y verduras,verduras,Verduras/ tuberculos y legumbres
512 Slim Taper ADV,prendas y calzado,jeans,Prendas de vestir
Yogur bebible Carrefour de frutilla classic 900 g.,lacteos,yogures,Leche/ productos lacteos/ huevos y alimentos vegetales
Leche modificada en polvo Armonia 400 g.,lacteos,leches,Leche/ productos lacteos/ huevos y alimentos vegetales
Leche en polvo entera Purisima avant 800 g.,lacteos,leches,Leche/ productos lacteos/ huevos y alimentos vegetales
Choclo cuisine-co 170 Gr,almacen,conservas,Otros alimentos
Atun Desmenuzado En Agua Y En Aceite Maxima 120 Gr,almacen,conservas,Pescados y mariscos
Atun Desmenuzado Al Natural Maxima 170 Gr,almacen,conservas,Pescados y mariscos
Pure De Tomate Cuisine & Co 520gr,almacen,pastas,Pan / pastas y cereales
Tirabuzon Arcor Pastas Secas 500 Gr,almacen,pastas,Pan / pastas y cereales
Fideos La Molisana Spaghetti 500 G,almacen,pastas,Pan / pastas y cereales
Zapallo japones x kg.,frutas y verduras,verduras,Verduras/ tuberculos y legumbres
Aceite De Oliva Virgen Nucete Lata 500 Ml,almacen,aceites,Aceites/ aderezos/ grasas y manteca
Aceite De Girasol Cocinero 900 Ml,almacen,aceites,Aceites/ aderezos/ grasas y manteca
Vinagre De Alcohol Jumbo,almacen,aceites,Aceites/ aderezos/ grasas y manteca
Hamburguesa Swift De Carne 4 U - 320 Gr,congelados,congelados,Carnes y derivados
Choclo Granja Del Sol,congelados,congelados,Otros alimentos
Medallones De Salmon Rosado Superbe 400 Gr,congelados,congelados,Pescados y mariscos
Every Day Hoodie Small Batwing,prendas y calzado,sweaters y buzos,Prendas de vestir
"SS One Shirt ""Palms""",prendas y calzado,camisas,Prendas de vestir
Sodastream Cilindro De Co2 Cqc Rosa,electrodomesticos y tecnologia,pequenos electrodomesticos,celulares y pequenos electrodomesticos
Pava Electrica Nex Plastico 1.7 L,electrodomesticos y tecnologia,pequenos electrodomesticos,celulares y pequenos electrodomesticos
Licuadora Kitchenaid K400 Lksb4026rer Empire R,electrodomesticos y tecnologia,pequenos electrodomesticos,celulares y pequenos electrodomesticos
Vaporizador De Prendas Manual Philips Sth1010/,electrodomesticos y tecnologia,pequenos electrodomesticos,celulares y pequenos electrodomesticos
Freidora Midea Negra 4l Mecanico Af-m140bar1,electrodomesticos y tecnologia,pequenos electrodomesticos,celulares y pequenos electrodomesticos
"Pava Electrica Midea 1,7l Inox Digital",electrodomesticos y tecnologia,pequenos electrodomesticos,celulares y pequenos electrodomesticos
Pasta Dental Colgate Luminous Charcoal 90 G,perfumeria,cuidado oral,cuidado oral
Cepillo Dental Colgate Extra Clean Medio Cerdas Multinivel 3u,perfumeria,cuidado oral,cuidado oral
Pasta Dental Colgate Total 12 Carbon Activado 140 G,perfumeria,cuidado oral,cuidado oral
Preservativo Prime Super Fino Gel Hot X6,perfumeria,farmacia,farmacia
Algodon Doncella Hidrofilo 70 Gr,perfumeria,farmacia,farmacia
Preservativo Prime Ultra Fino Gel Natural X6,perfumeria,farmacia,farmacia
Apositos Adhesivos Curitas Marvel Para Ninos X 20 Ud,perfumeria,farmacia,farmacia
Fiambre De Cerdo Cocido Campo Austral Kg,fiambres y quesos,quesos,Leche/ productos lacteos/ huevos y alimentos vegetales
Jamon Cocido Lario Sobre 1 Kg,fiambres y quesos,quesos,Leche/ productos lacteos/ huevos y alimentos vegetales
Jamon Crudo Lario Feteado X 120g,fiambres y quesos,quesos,Leche/ productos lacteos/ huevos y alimentos vegetales
Jamon Cocido Campo Austral Millenium X 200 Gr,fiambres y quesos,quesos,Leche/ productos lacteos/ huevos y alimentos vegetales
Queso Cremoso La Paulina 1/4 Hma - Minimo 1 Kg Mayorista.,fiambres y quesos,quesos,Leche/ productos lacteos/ huevos y alimentos vegetales
Queso Rallado La Paulina,fiambres y quesos,quesos,Leche/ productos lacteos/ huevos y alimentos vegetales
Queso Saint Paulin La Paulina,fiambres y quesos,quesos,Leche/ productos lacteos/ huevos y alimentos vegetales
Queso Cremoso Punta Del Agua Horma X Kg,fiambres y quesos,quesos,Leche/ productos lacteos/ huevos y alimentos vegetales
Bondiola de cerdo fresca,carnes,cerdo,Carnes y derivados
Solomillo De Cerdo - Magret,carnes,cerdo,Carnes y derivados
Ribbs De Cerdo - Magret,carnes,cerdo,Carnes y derivados
Matambrito De Cerdo - Magret,carnes,cerdo,Carnes y derivados
Solomillo De Cerdo - Cabana Argentina,carnes,cerdo,Carnes y derivados
Lomo Premium,carnes,vaca,Carnes y derivados
Cuadril Churrasco,carnes,vaca,Carnes y derivados
Palomita,carnes,vaca,Carnes y derivados
PALETA CHURRASCO,carnes,vaca,Carnes y derivados
Celular Libre Samsung GALAXY A04E 3GB 32GB copper,electrodomesticos y tecnologia,celulares,celulares y pequenos electrodomesticos
Impresora Multifuncion sist.cont. Canon wi-fi pixma g5010,electrodomesticos y tecnologia,informatica,informatica
Tablet 7 Exo 2GB 16GB WAVE I726 A10,electrodomesticos y tecnologia,informatica,informatica
Te en saquitos Green Hills 50 u.,desayuno,infusiones,Bebidas no alcoholicas
Fideos tirabuzon Terrabusi 3 vegetales 500 g.,almacen,pastas,Pan / pastas y cereales
Duraznos En Mitades Cuisine-co 820 Gr,almacen,conservas,Frutas
Palmitos Trozos Cuisine & Co 400 Gr,almacen,conservas,Otros alimentos
Pate De Foie Swift 90 Gr,almacen,conservas,Otros alimentos
Sardinas En Aceite cuisine-co 160 Gr,almacen,conservas,Otros alimentos
Pure De Tomate La Campagnola 520 Gr,almacen,pastas,Pan / pastas y cereales
Fideos Tirabuzon C&c 500gr,almacen,pastas,Pan / pastas y cereales
Fideos Monos C&c 500gr,almacen,pastas,Pan / pastas y cereales
Pure De Tomate La Molisana Passata X690gr,almacen,pastas,Pan / pastas y cereales
Melon amarillo Huella Natural x kg.,frutas y verduras,frutas,Frutas
Lechuga Capuchina x kg.,frutas y verduras,verduras,Verduras/ tuberculos y legumbres
Zapallito redondo x kg.,frutas y verduras,verduras,Verduras/ tuberculos y legumbres
Bermuda Rusty shaped box ws hombre,bazar y textil,indumentaria,Prendas de vestir
Bermuda Rusty z-charge hombre,bazar y textil,indumentaria,Prendas de vestir
Bermuda Spy go surfing hs botagofo hombre,bazar y textil,indumentaria,Prendas de vestir
Hamburguesas Paty De Carne 12 U - 960 Gr,congelados,congelados,Carnes y derivados
Espinaca Lucchetti 400 Gr,congelados,congelados,Otros alimentos
Bombon Helado Bites Cereza Y Chocolate 120 Gr,congelados,congelados,Azucar/ dulces/ chocolate/golosinas/ etc.
Yogur Helado Karinat Maracuya 320 Gr,congelados,congelados,Otros alimentos
Slouchy 90's Block Sweat,prendas y calzado,sweaters y buzos,Prendas de vestir
Graphic Standard Hoodie Batwing,prendas y calzado,sweaters y buzos,Prendas de vestir
Yesterday 90's Block Sweat,prendas y calzado,sweaters y buzos,Prendas de vestir
Graphic Standard Crew Batwing,prendas y calzado,sweaters y buzos,Prendas de vestir
Graphic Prism Crewneck,prendas y calzado,sweaters y buzos,Prendas de vestir
510 Skinny,prendas y calzado,jeans,Prendas de vestir
505 Regular Fit,prendas y calzado,jeans,Prendas de vestir
511 Slim Fit,prendas y calzado,jeans,Prendas de vestir
Classic Western,prendas y calzado,camisas,Prendas de vestir
LS Classic One Pocket Check,prendas y calzado,camisas,Prendas de vestir
Classic One Pocket Check,prendas y calzado,camisas,Prendas de vestir
"SS One Shirt ""Flowers""",prendas y calzado,camisas,Prendas de vestir
xMonsters Slouch Shirt,prendas y calzado,camisas,Prendas de vestir
"SS Classic One Pocket ""Full Print""",prendas y calzado,camisas,Prendas de vestir
721 Hi Rise Skinny,prendas y calzado,jeans,Prendas de vestir
725 Hi Rise Bootcut,prendas y calzado,jeans,Prendas de vestir
Mile High Super Skinny,prendas y calzado,jeans,Prendas de vestir
711 Skinny,prendas y calzado,jeans,Prendas de vestir
Mom Levi's(r)Jeans Stone Wash,prendas y calzado,jeans,Prendas de vestir
724 Hi Rise Straight,prendas y calzado,jeans,Prendas de vestir
Mixer C/vaso Varilla Metalica Liliana Ah102 R,electrodomesticos y tecnologia,pequenos electrodomesticos,celulares y pequenos electrodomesticos
Tostador De Pan Nex Tmb8052,electrodomesticos y tecnologia,pequenos electrodomesticos,celulares y pequenos electrodomesticos
Sodastream Megapack Terra White,electrodomesticos y tecnologia,pequenos electrodomesticos,celulares y pequenos electrodomesticos
Batidora Kitchenaid Rksm150psrer,electrodomesticos y tecnologia,pequenos electrodomesticos,celulares y pequenos electrodomesticos
Jarra Electrica Nex Inoxidable Ka010oi20,electrodomesticos y tecnologia,pequenos electrodomesticos,celulares y pequenos electrodomesticos
Sodastream Gasificadora De Agua Terra Black,electrodomesticos y tecnologia,pequenos electrodomesticos,celulares y pequenos electrodomesticos
Jarra Electrica Smartlife Sl-ek1714wpn,electrodomesticos y tecnologia,pequenos electrodomesticos,celulares y pequenos electrodomesticos
Secador De Pelo 1200w Atma Sp8904np,electrodomesticos y tecnologia,pequenos electrodomesticos,celulares y pequenos electrodomesticos
Pasta Dental Ultra Blanco 90 G,perfumeria,cuidado oral,cuidado oral
Pasta Dental Colgate Original 90 G,perfumeria,cuidado oral,cuidado oral
Pasta Dental Odol 90 G,perfumeria,cuidado oral,cuidado oral
Pasta Dental Colgate Herbal 90 G,perfumeria,cuidado oral,cuidado oral
Pasta Dental Colgate Triple Beneficio 90 G,perfumeria,cuidado oral,cuidado oral
Algodon Doncella Super 100g,perfumeria,farmacia,farmacia
Alcohol Etilico Jumbo Family Care 1000 Cc,perfumeria,farmacia,farmacia
Alcohol Etilico Jumbo Family Care 500 Cc,perfumeria,farmacia,farmacia
Curitas Transpiel X 20,perfumeria,farmacia,farmacia
Algodon Estrella Baby 50 Gr,perfumeria,farmacia,farmacia
Alcohol En Gel Con Aloe Vera Jumbo Family Care 250 Cc,perfumeria,farmacia,farmacia
Preservativo Prime Texturado Gel Hot X6,perfumeria,farmacia,farmacia
Preservativo Prime Tachas Gel Natural X6,perfumeria,farmacia,farmacia
Preservativo Prime Retardante Gel Natural X6,perfumeria,farmacia,farmacia
Jamon Cocido Cuisine & Co Venta Al Peso,fiambres y quesos,quesos,Leche/ productos lacteos/ huevos y alimentos vegetales
Jamon Cocido Tripack Kg 1 Sob Minimo 800 Gr Mayorista,fiambres y quesos,quesos,Leche/ productos lacteos/ huevos y alimentos vegetales
Jamon Cocido Selec C&co Venta Al Peso,fiambres y quesos,quesos,Leche/ productos lacteos/ huevos y alimentos vegetales
Jamon Cocido Paladini Feteado 1 Kg,fiambres y quesos,quesos,Leche/ productos lacteos/ huevos y alimentos vegetales
Salame Bocatti Feteado X 70 Gr,fiambres y quesos,quesos,Leche/ productos lacteos/ huevos y alimentos vegetales
Jamon Cocido Campo Austral,fiambres y quesos,quesos,Leche/ productos lacteos/ huevos y alimentos vegetales
Queso Dando C&co,fiambres y quesos,quesos,Leche/ productos lacteos/ huevos y alimentos vegetales
Queso Clasico Casancrem 290g,fiambres y quesos,quesos,Leche/ productos lacteos/ huevos y alimentos vegetales
Queso La Serenisima Finlandia Reducido En Calorias 290 G,fiambres y quesos,quesos,Leche/ productos lacteos/ huevos y alimentos vegetales
Queso Untable Finlandia Clasico 290 Gr,fiambres y quesos,quesos,Leche/ productos lacteos/ huevos y alimentos vegetales
Carre De Cerdo Con Hueso Fresco,carnes,cerdo,Carnes y derivados
Solomillo De Cerdo Fresco,carnes,cerdo,Carnes y derivados
Churrasquito De Cerdo Fresco,carnes,cerdo,Carnes y derivados
Carre De Cerdo Deshuesado - Magret,carnes,cerdo,Carnes y derivados
Churrasquito De Cerdo - Magret,carnes,cerdo,Carnes y derivados
Lapiz grafito hb 4 u.,bazar y textil,libreria,libreria
Smartwatch Xinji N2 negro,electrodomesticos y tecnologia,celulares,celulares y pequenos electrodomesticos
Celular libre Samsung Galaxy A54 8GB 128GB menta,electrodomesticos y tecnologia,celulares,celulares y pequenos electrodomesticos
Celular libre Motorola g13 4gb 64gb azul,electrodomesticos y tecnologia,celulares,celulares y pequenos electrodomesticos
"Monitor led Chiq 27"" fhd hdmi vga",electrodomesticos y tecnologia,informatica,informatica
"Monitor LED 32"" CHIQ / QHD/ HDMI/ 32F600",electrodomesticos y tecnologia,informatica,informatica
"Tablet 10"" Exo 4GB 64GB WAVE I101 T2",electrodomesticos y tecnologia,informatica,informatica
Cable micro usb Poss Round PSMICRO-1RWH blanco,electrodomesticos y tecnologia,informatica,informatica
Yogur griego Yogurisimo sabor frutilla en pote 125 g.,lacteos,yogures,Leche/ productos lacteos/ huevos y alimentos vegetales
Leche La serenisima clasica 3% 1L.,lacteos,leches,Leche/ productos lacteos/ huevos y alimentos vegetales
Te en saquitos Carrefour sin TACC x 25 un.,desayuno,infusiones,Bebidas no alcoholicas
Mate cocido en saquitos Carrefour sin TACC x 25 un.,desayuno,infusiones,Bebidas no alcoholicas
Fideos monos Matarazzo 500 g.,almacen,pastas,Pan / pastas y cereales
Fideos tallarin N5 Lucchetti 500 g.,almacen,pastas,Pan / pastas y cereales
Fideos tirabuzon N34 Lucchetti 500 g.,almacen,pastas,Pan / pastas y cereales
Fideos mostacholes N51 Lucchetti rayado 500 g.,almacen,pastas,Pan / pastas y cereales
Fideos tallarines Don Vicente en bolsa 500 g.,almacen,pastas,Pan / pastas y cereales
Fideos guiseros mono Carrefour classic 500 g.,almacen,pastas,Pan / pastas y cereales
Fideos tirabuzon Matarazzo 3 vegetales 500 g.,almacen,pastas,Pan / pastas y cereales
Fideos cinta fetuccini Don vicente 500 g.,almacen,pastas,Pan / pastas y cereales
Fideos tirabuzones Carrefour classic 500 g.,almacen,pastas,Pan / pastas y cereales
Fideos tallarines N5 Matarazzo 500 g.,almacen,pastas,Pan / pastas y cereales
Fideos penne rigante Matarazzo 500 g.,almacen,pastas,Pan / pastas y cereales
Fideos spaghetti hierro Favorita 500 g.,almacen,pastas,Pan / pastas y cereales
Fideos tirabuzones N28 Matarazzo 500 g.,almacen,pastas,Pan / pastas y cereales
Fideos guiseros codo Carrefour classic 500 g.,almacen,pastas,Pan / pastas y cereales
Fideos tallarines N7 Terrabusi 500 g.,almacen,pastas,Pan / pastas y cereales
Fideos de semola cinta spaghetti Carrefour classic 500 g.,almacen,pastas,Pan / pastas y cereales
Fideos tallarin Don bernabeu 500 g.,almacen,pastas,Pan / pastas y cereales
Ravioles La saltena de espinaca y muzzarella 450 g.,almacen,pastas,Pan / pastas y cereales
Fideos tallarines La morocha en bolsa 500 g.,almacen,pastas,Pan / pastas y cereales
Fideos Rina Matarazzo spaghetti 500 g.,almacen,pastas,Pan / pastas y cereales
Capelletini verdura fortificado Giacomo 500 g.,almacen,pastas,Pan / pastas y cereales
Fideos al huevo Lucchetti tirabuzon 500 g.,almacen,pastas,Pan / pastas y cereales
Fideos rigatti La morocha en bolsa 500 g.,almacen,pastas,Pan / pastas y cereales
Fideos tirabuzones Terrabusi 500 g.,almacen,pastas,Pan / pastas y cereales
Fideos al huevo Lucchetti spaghetti 500 g.,almacen,pastas,Pan / pastas y cereales
Fideos spaghetti La Campagnola 500 g.,almacen,pastas,Pan / pastas y cereales
Ravioles La satena 4 quesos blister 450 g.,almacen,pastas,Pan / pastas y cereales
Capelletini carne fortificado Giacomo bolsa 500 g.,almacen,pastas,Pan / pastas y cereales
Fideos spaghetti La morocha en bolsa 500 g.,almacen,pastas,Pan / pastas y cereales
Fideos Rina Matarazzo rigatti 500 g.,almacen,pastas,Pan / pastas y cereales
Noquis de papa La saltena blister 300 g.,almacen,pastas,Pan / pastas y cereales
Capelletini jamon queso fortificado Giacomo 500 g.,almacen,pastas,Pan / pastas y cereales
Fideos mostachol La morocha en bolsa 500 g.,almacen,pastas,Pan / pastas y cereales
Lomo De Atun Al Natural Cuisine & Co 120gr Escurrido 170 Gr Neto,almacen,conservas,Pescados y mariscos
Atun Al Natural La Campagnola 170 Gr,almacen,conservas,Pescados y mariscos
Atun En Aceite La Campagnola 170 Gr,almacen,conservas,Pescados y mariscos
Lomo De Atun En Aceite Vegetal Cuisine-co 120 Gr,almacen,conservas,Pescados y mariscos
Choclocuisine-co 170 Gr,almacen,conservas,Otros alimentos
Lomo De Atun Agua Y Aceite Cuisine & Co 120gr Escurrido 170 Gr Neto,almacen,conservas,Pescados y mariscos
Duraznos En Mitades Cuisine-co 485 Gr,almacen,conservas,Frutas
Palmitos Trozos  Cuisine & Co 400 Gr,almacen,conservas,Otros alimentos
Sardinas En Aceitecuisine-co 160 Gr,almacen,conservas,Otros alimentos
Picadillo De Carne Swift 90 Gr,almacen,conservas,Carnes y derivados
Garbanzos Cuisine-co 300 Gr,almacen,conservas,Verduras/ tuberculos y legumbres
Alcaparras En Vinagre Nucete 110 Gr,almacen,conservas,Otros alimentos
Porotos Alubia Arcor 320 Gr,almacen,conservas,Otros alimentos
Duraznos Dieteticos Cuisine & Co 800,almacen,conservas,Frutas
Arvejas Secas Remojadas Vigente 340 Gr,almacen,conservas,Verduras/ tuberculos y legumbres
Caballa Al Natural Cuisine-co 380 Gr,almacen,conservas,Otros alimentos
Jardinera De Hortalizas Y Legumbres Inalpa 300 Gr,almacen,conservas,Verduras/ tuberculos y legumbres
Arvejas Seca Arcor X300gr,almacen,conservas,Verduras/ tuberculos y legumbres
Jardinera Cuisine-co 300 Gr,almacen,conservas,Verduras/ tuberculos y legumbres
Filet Anchoas Cuisine-co 90 Gr,almacen,conservas,Otros alimentos
Duraznos En Mitades Cuisine & Co 820gr,almacen,conservas,Frutas
Dueto Arveja Y Choclo Cuisine & Co 300gr,almacen,conservas,Otros alimentos
Palmitos Enteros Cuisine-co 500 Gr,almacen,conservas,Otros alimentos
Choclo Cremoso Amarillo Arcor 300 Gr,almacen,conservas,Otros alimentos
Caballa En Aceite Cuisine-co 380 Gr,almacen,conservas,Otros alimentos
Poroto Negro Cuisine-co 300 Gr,almacen,conservas,Otros alimentos
Granos De Choclo Amarillos Inalpa 300 Gr,almacen,conservas,Otros alimentos
Arvejas Secas Inalpa Vida Remojadas Sin Sal X3,almacen,conservas,Verduras/ tuberculos y legumbres
Porotos Inalpa Alubia X300g,almacen,conservas,Otros alimentos
Hummus Clasico Cuisine-co 230 Gr,almacen,conservas,Otros alimentos
Choclo Cremoso La Campagnola 300 Gr,almacen,conservas,Otros alimentos
Porotos Secos Remojados Vigente 340 Gr,almacen,conservas,Otros alimentos
Hummus Pimento Ajo Y Perejil Cusine-co 230 Gr,almacen,conservas,Otros alimentos
Pate De Foie Swift 85 Gr,almacen,conservas,Otros alimentos
Porotos Cuisine-co 300 Gr,almacen,conservas,Otros alimentos
Anana En Rodajas Cuisine-co 140 Gr,almacen,conservas,Otros alimentos
Porotos Alubia La Campagnola 300 Gr,almacen,conservas,Otros alimentos
Arveja Sin Sal Agregada Cuisine-co 300 Gr,almacen,conservas,Otros alimentos
Porotos De Soja Cuisine-co 300 Gr,almacen,conservas,Leche/ productos lacteos/ huevos y alimentos vegetales
Coctel De Cuatro Frutas Cuisine & Co 485 Gr,almacen,conservas,Otros alimentos
Alcaparras Cristo De Los Cerros Sin Atributo Sin Atributo,almacen,conservas,Otros alimentos
Pate Bocatti Jamon 90 Gr,almacen,conservas,Otros alimentos
Duraznos Ligt Cuisine & Co 820gr,almacen,conservas,Frutas
Pate Bocatti Champignon 90 Gr,almacen,conservas,Otros alimentos
Duraznos En Trozos Molto 340 Gr,almacen,conservas,Frutas
Fideos Spaguetti C&c 500gr,almacen,pastas,Pan / pastas y cereales
Fideos Matarazzo Tallarin N5 X500g,almacen,pastas,Pan / pastas y cereales
Fideos Lucchetti Tallarin N5 X500g,almacen,pastas,Pan / pastas y cereales
Fideos Don Vicente Tallarin X500g,almacen,pastas,Pan / pastas y cereales
Don Triturado Cuisine & Co 910 Gr,almacen,pastas,Pan / pastas y cereales
Fideos Don Vicente Fettuccini X500g,almacen,pastas,Pan / pastas y cereales
Tomate Perita En Lata Arcor 400 Gr,almacen,pastas,Pan / pastas y cereales
Pure De Tomate La Molisana Passata 690 Gr,almacen,pastas,Pan / pastas y cereales
Fideos Matarazzo Tirabuzon N34 X500g,almacen,pastas,Pan / pastas y cereales
Fideos Matarazzo Spaghetti N3 X500g,almacen,pastas,Pan / pastas y cereales
Capelettini Giacomo Tridicci 500g,almacen,pastas,Pan / pastas y cereales
Fideos Lucchetti Tirabuzon N34 X500g,almacen,pastas,Pan / pastas y cereales
Capelettini Giacomo Queso Y Jamon 500g,almacen,pastas,Pan / pastas y cereales
Fideos Mostachol C&c 500gr,almacen,pastas,Pan / pastas y cereales
Fideos Coditos Lucchetti X500 Gr,almacen,pastas,Pan / pastas y cereales
Capelettini Giacomo Verdura 500g,almacen,pastas,Pan / pastas y cereales
Fideos Coditos C&c 500gr,almacen,pastas,Pan / pastas y cereales
Fideos Favorita Spaghetti Hierro X500g,almacen,pastas,Pan / pastas y cereales
Fideos Luchetti Penne Rigate 500gr,almacen,pastas,Pan / pastas y cereales
Fideos Tirabuzon Terrabusi X500 Gr,almacen,pastas,Pan / pastas y cereales
Tirabuzon Arcor Pastas Secas  500 Gr,almacen,pastas,Pan / pastas y cereales
noquis De Papa La Molisana Gnocchi Di Patate 500 Gr,almacen,pastas,Pan / pastas y cereales
Tomate Cherry La Molisana Pomodorini 400 Gr,almacen,pastas,Pan / pastas y cereales
Fideos Codito Matarazzo X500 Gr,almacen,pastas,Pan / pastas y cereales
Tomate Perita Cubeteado Arcor 400 Gr,almacen,pastas,Pan / pastas y cereales
Capelettini Giacomo Carne 500g,almacen,pastas,Pan / pastas y cereales
Fideos Rina Matarazzo Spaghetti Ce X500g,almacen,pastas,Pan / pastas y cereales
Salsa  Pomarola Tradicional Knorr  340 G,almacen,pastas,Pan / pastas y cereales
Fideos Matarazzo Mostachol N52 X500g,almacen,pastas,Pan / pastas y cereales
Salsa Salsati Pomarola X340g,almacen,pastas,Pan / pastas y cereales
Fideos Tirabuzon Integral Matarazzo X500 Gr,almacen,pastas,Pan / pastas y cereales
Tomate Perita Entero La Campagnola 240 Gr,almacen,pastas,Pan / pastas y cereales
Fideos Spaghetti Matarazzo X500 Gr,almacen,pastas,Pan / pastas y cereales
Salsa Arcor Pizza X340g,almacen,pastas,Pan / pastas y cereales
Tomate Cubeteado La Campagnola 400 Gr,almacen,pastas,Pan / pastas y cereales
Salsa Arcor Tuco X340g,almacen,pastas,Pan / pastas y cereales
Fideos Favorita Tallarin Hierro X500g,almacen,pastas,Pan / pastas y cereales
Salsa Salsati Italiana X340g,almacen,pastas,Pan / pastas y cereales
Salsa Para Pizza Knorr 340 G,almacen,pastas,Pan / pastas y cereales
Fideos Matarazzo Penne Rigate N45 X500g,almacen,pastas,Pan / pastas y cereales
Spaghetti Arcor Pastas Secas  500 Gr,almacen,pastas,Pan / pastas y cereales
Mostachol Arcor Pastas Secas  500 Gr,almacen,pastas,Pan / pastas y cereales
Fideos Dedalito Matarazzo X500 Gr,almacen,pastas,Pan / pastas y cereales
Salsa Barbacoa La Campagnola,almacen,pastas,Pan / pastas y cereales
Fideos Spaghetti Terrabusi X500 Gr,almacen,pastas,Pan / pastas y cereales
Fideos Spaghetti Barilla 500 Gr,almacen,pastas,Pan / pastas y cereales
Tallarin Arcor Pastas Secas  500 Gr,almacen,pastas,Pan / pastas y cereales
Manzana roja x kg.,frutas y verduras,frutas,Frutas
Banana Nacional x kg.,frutas y verduras,frutas,Frutas
Banana seleccion x kg.,frutas y verduras,frutas,Frutas
Palta x uni,frutas y verduras,frutas,Frutas
Limon x kg.,frutas y verduras,frutas,Frutas
Naranja de jugo x kg.,frutas y verduras,frutas,Frutas
Sandia x kg.,frutas y verduras,frutas,Frutas
Pera x kg.,frutas y verduras,frutas,Frutas
Mandarina x kg.,frutas y verduras,frutas,Frutas
Uva rosada x kg.,frutas y verduras,frutas,Frutas
Ciruela x kg.,frutas y verduras,frutas,Frutas
Limon comercial x kg.,frutas y verduras,frutas,Frutas
Uva roja x kg.,frutas y verduras,frutas,Frutas
Pera packhams Huella Natural x kg.,frutas y verduras,frutas,Frutas
Manzana roja Huella Natural x kg.,frutas y verduras,frutas,Frutas
Manzana verde granny smith Huella Natural x kg.,frutas y verduras,frutas,Frutas
Pomelo rojo premium x kg.,frutas y verduras,frutas,Frutas
Frutillas x kg.,frutas y verduras,frutas,Frutas
Arandanos 125 g.,frutas y verduras,frutas,Frutas
Lima taiti x kg.,frutas y verduras,frutas,Frutas
Naranja ombligo premiun x kg.,frutas y verduras,frutas,Frutas
Papa x kg.,frutas y verduras,verduras,Verduras/ tuberculos y legumbres
Zapallo anco x kg.,frutas y verduras,verduras,Verduras/ tuberculos y legumbres
Cebolla x kg,frutas y verduras,verduras,Verduras/ tuberculos y legumbres
Zanahoria precios cuidados x kg.,frutas y verduras,verduras,Verduras/ tuberculos y legumbres
Cebolla x kg.,frutas y verduras,verduras,Verduras/ tuberculos y legumbres
Tomate x kg.,frutas y verduras,verduras,Verduras/ tuberculos y legumbres
Batata x kg.,frutas y verduras,verduras,Verduras/ tuberculos y legumbres
Zanahoria Huella Natural x kg.,frutas y verduras,verduras,Verduras/ tuberculos y legumbres
Pimiento rojo x kg,frutas y verduras,verduras,Verduras/ tuberculos y legumbres
Tomate x kg,frutas y verduras,verduras,Verduras/ tuberculos y legumbres
Pimiento verde x kg.,frutas y verduras,verduras,Verduras/ tuberculos y legumbres
Choclo x uni,frutas y verduras,verduras,Verduras/ tuberculos y legumbres
Cebolla de verdeo x 1 atado,frutas y verduras,verduras,Verduras/ tuberculos y legumbres
Tomate perita x kg.,frutas y verduras,verduras,Verduras/ tuberculos y legumbres
Ajo suelto x kg.,frutas y verduras,verduras,Verduras/ tuberculos y legumbres
Pepino x kg.,frutas y verduras,verduras,Verduras/ tuberculos y legumbres
Acelga x paquete,frutas y verduras,verduras,Verduras/ tuberculos y legumbres
Limon Huella Natural x kg.,frutas y verduras,verduras,Verduras/ tuberculos y legumbres
Batata naranja Huella Natural x kg.,frutas y verduras,verduras,Verduras/ tuberculos y legumbres
Albahaca x atado,frutas y verduras,verduras,Verduras/ tuberculos y legumbres
Pimiento amarillo x kg.,frutas y verduras,verduras,Verduras/ tuberculos y legumbres
Papa roja x kg.,frutas y verduras,verduras,Verduras/ tuberculos y legumbres
Espinaca kale Portobello 200 g.,frutas y verduras,verduras,Verduras/ tuberculos y legumbres
Zapallo plomo x kg.,frutas y verduras,verduras,Verduras/ tuberculos y legumbres
Radicheta 100 g.,frutas y verduras,verduras,Verduras/ tuberculos y legumbres
Lechuga mantecosa lavada Filieres 200 g.,frutas y verduras,verduras,Verduras/ tuberculos y legumbres
Brocoli organico 1 kg.,frutas y verduras,verduras,Verduras/ tuberculos y legumbres
Kaki x kg.,frutas y verduras,verduras,Verduras/ tuberculos y legumbres
Zapallo ingles s x kg.,frutas y verduras,verduras,Verduras/ tuberculos y legumbres
Zapallo tasty x kg.,frutas y verduras,verduras,Verduras/ tuberculos y legumbres
Zapallo calabaza larga x kg.,frutas y verduras,verduras,Verduras/ tuberculos y legumbres
Alpargata lisa Tex,bazar y textil,indumentaria,Prendas de vestir
Alpargata Tex lona,bazar y textil,indumentaria,Prendas de vestir
Babucha Tex jean cargo,bazar y textil,indumentaria,Prendas de vestir
Bermuda rustica Everlast,bazar y textil,indumentaria,Prendas de vestir
Bermuda rustica Tex,bazar y textil,indumentaria,Prendas de vestir
Bermuda tecnica Tex,bazar y textil,indumentaria,Prendas de vestir
Bermuda Tex 5 bolsillos,bazar y textil,indumentaria,Prendas de vestir
Bermuda Tex oversize,bazar y textil,indumentaria,Prendas de vestir
Blazer Tex,bazar y textil,indumentaria,Prendas de vestir
Blusa Tex cuello redondo,bazar y textil,indumentaria,Prendas de vestir
Blusa Tex poplin bolsillo y puntilla,bazar y textil,indumentaria,Prendas de vestir
Bolso reciclado Tex,bazar y textil,indumentaria,Prendas de vestir
Bombacha tankini Tex estampado,bazar y textil,indumentaria,Prendas de vestir
Bombacha Tex arma tu bikini,bazar y textil,indumentaria,Prendas de vestir
Aceite De Girasol Natura 1.5 L,almacen,aceites,Aceites/ aderezos/ grasas y manteca
Aceite De Girasol Natura 900 Ml,almacen,aceites,Aceites/ aderezos/ grasas y manteca
Aceite Girasol Legitimo 1.5 L,almacen,aceites,Aceites/ aderezos/ grasas y manteca
Aceite Canuelas De Girasol - 1.5 L,almacen,aceites,Aceites/ aderezos/ grasas y manteca
Aceite Girasol Pureza 1.5 L,almacen,aceites,Aceites/ aderezos/ grasas y manteca
"Aceite Girasol Pureza 0,9 L",almacen,aceites,Aceites/ aderezos/ grasas y manteca
Aceite Girasol Legitimo 900 Ml,almacen,aceites,Aceites/ aderezos/ grasas y manteca
Aceite Alsamar Girasol X900ml,almacen,aceites,Aceites/ aderezos/ grasas y manteca
Aceite Oliva Extra Virgen Intenso Cocinero 500 Ml,almacen,aceites,Aceites/ aderezos/ grasas y manteca
Aceite De Oliva Extra Virgen Mediterraneo Oliovita 500 Ml,almacen,aceites,Aceites/ aderezos/ grasas y manteca
Aceite Fritolim Clasico X126cc,almacen,aceites,Aceites/ aderezos/ grasas y manteca
Aceite De Oliva Azait 250 Ml,almacen,aceites,Aceites/ aderezos/ grasas y manteca
Aceite De Oliva Nucete Clasico 500 Ml,almacen,aceites,Aceites/ aderezos/ grasas y manteca
Vinagre De Manzana Menoyo 1 L,almacen,aceites,Aceites/ aderezos/ grasas y manteca
Aceto Tipo Reduccion Casalta 500 Ml,almacen,aceites,Aceites/ aderezos/ grasas y manteca
Jugo De Limon Minerva 250 Ml,almacen,aceites,Aceites/ aderezos/ grasas y manteca
Aceite De Girasol Cocinero 1.5 L,almacen,aceites,Aceites/ aderezos/ grasas y manteca
Jugo De Limon Minerva 500 Ml,almacen,aceites,Aceites/ aderezos/ grasas y manteca
Aceite De Oliva Cocinero Extra Virgen X500cc,almacen,aceites,Aceites/ aderezos/ grasas y manteca
Aceto Balsamico En Reduccion Cocinero 500 Ml,almacen,aceites,Aceites/ aderezos/ grasas y manteca
Vinagre Alcazar De Alcohol  X  1 Lt.,almacen,aceites,Aceites/ aderezos/ grasas y manteca
Aceite Natura Oliva Suave Andino X500cc,almacen,aceites,Aceites/ aderezos/ grasas y manteca
Aceite De Oliva Oliovita Extra Virgen Clasico 500 Ml,almacen,aceites,Aceites/ aderezos/ grasas y manteca
Aceite De Maiz Arcor 900 Ml,almacen,aceites,Aceites/ aderezos/ grasas y manteca
Aceto Balsamico Reducion Casalta 400 Ml,almacen,aceites,Aceites/ aderezos/ grasas y manteca
Vinagre Manzana Favinco 1300ml,almacen,aceites,Aceites/ aderezos/ grasas y manteca
Jugo De Limon Minerva X1 Lt,almacen,aceites,Aceites/ aderezos/ grasas y manteca
Aceite De Oliva Virgen Natura 120 Ml,almacen,aceites,Aceites/ aderezos/ grasas y manteca
Aceite De Oliva Clasica Oliovita 1 L,almacen,aceites,Aceites/ aderezos/ grasas y manteca
Jugo Menoyo De Limon   Pet 500 Cc.,almacen,aceites,Aceites/ aderezos/ grasas y manteca
Vinagre De Manzana Menoyo 500 Ml,almacen,aceites,Aceites/ aderezos/ grasas y manteca
Aceite De Oliva Cocinero Extra Virgen X1l,almacen,aceites,Aceites/ aderezos/ grasas y manteca
Vinagre De Vino Jumbo 1 L,almacen,aceites,Aceites/ aderezos/ grasas y manteca
Aceite De Girasol Lira X 1.5 Lt,almacen,aceites,Aceites/ aderezos/ grasas y manteca
Aceite De Oliva La Espanola Extra Virgen 250 Ml,almacen,aceites,Aceites/ aderezos/ grasas y manteca
Aceite Girasol Y Oliva Cocinero 900 Ml,almacen,aceites,Aceites/ aderezos/ grasas y manteca
Aceite De Oliva Yancanello Extra Virgen 500 Ml,almacen,aceites,Aceites/ aderezos/ grasas y manteca
Aceite De Oliva Cortijo El Olivar Dicomere 1 L,almacen,aceites,Aceites/ aderezos/ grasas y manteca
Aceite De Girasol Lira X 900 Ml,almacen,aceites,Aceites/ aderezos/ grasas y manteca
Vinagre De Vino Menoyo 500 Ml,almacen,aceites,Aceites/ aderezos/ grasas y manteca
Aceite Fritolim Oliva X126cc,almacen,aceites,Aceites/ aderezos/ grasas y manteca
Aceite Cortijo El Olivar De Oliva 500ml,almacen,aceites,Aceites/ aderezos/ grasas y manteca
Aceite De Girasol Mazola 120 Ml,almacen,aceites,Aceites/ aderezos/ grasas y manteca
Aceite El Olivar De Oliva Cortijo 250 Ml,almacen,aceites,Aceites/ aderezos/ grasas y manteca
Aceite De Coco Virgen,almacen,aceites,Aceites/ aderezos/ grasas y manteca
Aceite Oliva Cocinero Puro X250cc,almacen,aceites,Aceites/ aderezos/ grasas y manteca
Vinagre De Alcohol Jumbo 500 Ml,almacen,aceites,Aceites/ aderezos/ grasas y manteca
Bombon De Frambuesa Franui Leche 150 Gr,congelados,congelados,Azucar/ dulces/ chocolate/golosinas/ etc.
Papas Clasicas Mc Cain Corte Tradicional 700 Gr,congelados,congelados,Verduras/ tuberculos y legumbres
Bombon Franui De Frambuesa Black 150 Gr,congelados,congelados,Azucar/ dulces/ chocolate/golosinas/ etc.
Papas Clasicas Mc Cain Corte Tradicional 1400 Gr,congelados,congelados,Verduras/ tuberculos y legumbres
Brocoli Granja Del Sol 400 Gr,congelados,congelados,Otros alimentos
Hamburguesa Swift De Carne 12 U - 960 Gr,congelados,congelados,Carnes y derivados
Patitas De Pollo Granja Del Sol 400 Gr,congelados,congelados,Carnes y derivados
Papas Mc Cain Noissete X600g,congelados,congelados,Verduras/ tuberculos y legumbres
Hamburguesas Cuisine And Co. De Carne 996 Gr,congelados,congelados,Carnes y derivados
Medallones Good Mark De Carne Tradicional 320 Gr,congelados,congelados,Carnes y derivados
Patitas De Pollo Granja Del Sol 1100 Gr,congelados,congelados,Carnes y derivados
Papas Horneables Mc Cain Estilo Artesanal 700 Gr,congelados,congelados,Verduras/ tuberculos y legumbres
Frutillas Heladas Bites Banadas En Chocolate 120 Gr,congelados,congelados,Azucar/ dulces/ chocolate/golosinas/ etc.
Postre Helado Cofler Block Chocolate 500 Gr,congelados,congelados,Azucar/ dulces/ chocolate/golosinas/ etc.
Espinaca Granja Del Sol 500 Gr,congelados,congelados,Otros alimentos
Espinaca Granja Del Sol 1 Kg,congelados,congelados,Otros alimentos
Medallon De Carne Paty De Casa 240 Gr,congelados,congelados,Carnes y derivados
Papas Horneables Mc Cain Corte Tradicional 700 Gr,congelados,congelados,Verduras/ tuberculos y legumbres
Medallon Doble Burguer Swift 4 U- 440 Gr,congelados,congelados,Otros alimentos
Choclo Green Life 350 Gr,congelados,congelados,Otros alimentos
Nuggets Cuisine And Co. Congelados 300 Gr,congelados,congelados,Otros alimentos
Hamburguesa Swift Tipo Casera 2 U - 240 Gr,congelados,congelados,Carnes y derivados
Empanadas El Noble Carne Suave 4 U,congelados,congelados,Carnes y derivados
Arveja Green Life 350 Gr,congelados,congelados,Otros alimentos
Hamburguesas Paty De Carne 4 U - 320 Gr,congelados,congelados,Carnes y derivados
Supremitas Granja Del Sol Rociadas 480 Gr,congelados,congelados,Otros alimentos
Palitos De Pollo Swift 260 Gr,congelados,congelados,Carnes y derivados
Medallones De Pollo Granja Del Sol Rociado 330 Gr,congelados,congelados,Carnes y derivados
"Hamburguesa Swift De Carne 20 U - 1,6 Kg",congelados,congelados,Carnes y derivados
Nuggets Sadia De Pollo Crocante 900 Gr,congelados,congelados,Carnes y derivados
Medallon Premium Not Burger 320 Gr,congelados,congelados,Otros alimentos
Palito De Pollo Swift  1 Kg,congelados,congelados,Carnes y derivados
Hamburguesas Paty De Carne 12 U- 960 Gr,congelados,congelados,Carnes y derivados
Milanesa De Soja 5 Vegetales Granja Del Sol 320g,congelados,congelados,Leche/ productos lacteos/ huevos y alimentos vegetales
Hamburguesas Good Mark De Carne 320 Gr,congelados,congelados,Carnes y derivados
Pizza Horno Casero Mozzarella 470 Gr,congelados,congelados,Otros alimentos
Hamburguesas Paty De Cancha 10 U - 1250 Gr,congelados,congelados,Carnes y derivados
Burger Vegetalex Origen Vegetal 226 Gr,congelados,congelados,Otros alimentos
Nuggets Sadia De Pollo Crocante X300g,congelados,congelados,Carnes y derivados
Not Chicken Burger Crispy Burger 100 Gr,congelados,congelados,Otros alimentos
Supremas De Pollo Sadia 480 Gr,congelados,congelados,Carnes y derivados
Acelga Granja Del Sol 500 Gr,congelados,congelados,Otros alimentos
Pizza Pietro Mozzarella Y Jamon 510g,congelados,congelados,Otros alimentos
Helado Palito Seibom Chocolate Blanco 5 U,congelados,congelados,Azucar/ dulces/ chocolate/golosinas/ etc.
Hamburguesas Paty De Carne Verde 4 U - 320 Gr,congelados,congelados,Carnes y derivados
Nuggets Granja Del Sol 900 Gr,congelados,congelados,Otros alimentos
Acelga Green Life 550 Gr,congelados,congelados,Otros alimentos
Medallon Premium Not Burger 2 U De 160 Gr,congelados,congelados,Otros alimentos
Cilindro De Co2 Sodastream Cqc,electrodomesticos y tecnologia,pequenos electrodomesticos,celulares y pequenos electrodomesticos
"Jarra Electrica Inoxidable Nex Ka010oi20 1,8 L",electrodomesticos y tecnologia,pequenos electrodomesticos,celulares y pequenos electrodomesticos
Pava Electrica Nex Kp2720 1.7 L-2200 W,electrodomesticos y tecnologia,pequenos electrodomesticos,celulares y pequenos electrodomesticos
Philco Grooming Kit Cb8870pp,electrodomesticos y tecnologia,pequenos electrodomesticos,celulares y pequenos electrodomesticos
Aspiradora Smartlife Stick 2 En 1 120w,electrodomesticos y tecnologia,pequenos electrodomesticos,celulares y pequenos electrodomesticos
Horno Electrico Bgh 60l Silver,electrodomesticos y tecnologia,pequenos electrodomesticos,celulares y pequenos electrodomesticos
Sandwichera Nex Sw47,electrodomesticos y tecnologia,pequenos electrodomesticos,celulares y pequenos electrodomesticos
Horno Electrico Bgh 40l Bhe40m19n,electrodomesticos y tecnologia,pequenos electrodomesticos,celulares y pequenos electrodomesticos
Afeitadora Remington Pg6125,electrodomesticos y tecnologia,pequenos electrodomesticos,celulares y pequenos electrodomesticos
Afeitadora Remington R0050 220 A,electrodomesticos y tecnologia,pequenos electrodomesticos,celulares y pequenos electrodomesticos
Cortapelo Clipper Gama Gcx Ranger,electrodomesticos y tecnologia,pequenos electrodomesticos,celulares y pequenos electrodomesticos
Licuadora Black & Decker 2 Vel Jarra 1.5l,electrodomesticos y tecnologia,pequenos electrodomesticos,celulares y pequenos electrodomesticos
Batidora De Mano Philips Hr3700,electrodomesticos y tecnologia,pequenos electrodomesticos,celulares y pequenos electrodomesticos
Pasta Dental Colgate Sensibilidad Blanqueadora 100 G,perfumeria,cuidado oral,cuidado oral
Pasta Dental Sensitive Pro-alivio Real White 110 G,perfumeria,cuidado oral,cuidado oral
Pasta Dental Colgate Original 180 G,perfumeria,cuidado oral,cuidado oral
Pasta Dental Colgate Sensitive Pro Alivio Inmediato Original 140 G,perfumeria,cuidado oral,cuidado oral
Pasta Dental Colgate Triple Beneficio 140 G,perfumeria,cuidado oral,cuidado oral
Pasta Dental Colgate Total 12 Original 180 G,perfumeria,cuidado oral,cuidado oral
Pasta Dental Colgate Total 12 Original 140g,perfumeria,cuidado oral,cuidado oral
Pasta Dental Colgate Total 12 Original 90g,perfumeria,cuidado oral,cuidado oral
Pasta Dental Colgate Natural Extracts Carbon Menta 70 G,perfumeria,cuidado oral,cuidado oral
Pasta Dental Colgate Total 12 Carbon Activado 90 G,perfumeria,cuidado oral,cuidado oral
Pasta Dental Herbal 140 G,perfumeria,cuidado oral,cuidado oral
Pasta Dental Colgate Triple Beneficio Blanqueador 70 G,perfumeria,cuidado oral,cuidado oral
Cepillo De Dientes Colgate Smiles Batman/wonder Woman 2 U,perfumeria,cuidado oral,cuidado oral
Cepillo Interdental Gum 4 U,perfumeria,cuidado oral,cuidado oral
Pasta Dental Sensodyne Limpieza Profunda 90gr,perfumeria,cuidado oral,cuidado oral
Enjuague Bucal Colgate Plax Menta Suave 250ml,perfumeria,cuidado oral,cuidado oral
Cepillo De Dientes Colgate Triple Accion Xtra 2 U,perfumeria,cuidado oral,cuidado oral
Enjuague Bucal Colgate Luminous 500 Ml,perfumeria,cuidado oral,cuidado oral
Cepillo De Dientes 360 Luminous White 2 U,perfumeria,cuidado oral,cuidado oral
Pasta Dental Kolynos Amarilla 90 G,perfumeria,cuidado oral,cuidado oral
Pasta Dental Colgate Total 12 Control Sarro 90g,perfumeria,cuidado oral,cuidado oral
Pasta Dental Parodontax Complete Protection 126gr,perfumeria,cuidado oral,cuidado oral
Pasta Dental Colgate Sensitive Pro Alivio 110 G,perfumeria,cuidado oral,cuidado oral
Enjuague Bucal Listerine Antisarro Suave Sn Alcohol X500,perfumeria,cuidado oral,cuidado oral
Gel Dental Odol Ninos Sabor Tutti Fruti 50 G,perfumeria,cuidado oral,cuidado oral
Past Dent Odol Doble Efecto 90g,perfumeria,cuidado oral,cuidado oral
Cepillo De Dientes Extra Clean Medio 1 U,perfumeria,cuidado oral,cuidado oral
Pasta Dental Luminous Blanqueadora 140g,perfumeria,cuidado oral,cuidado oral
Adhesivo Dental Ultra Corega Sin Sabor 70gr,perfumeria,cuidado oral,cuidado oral
Enjuague Bucal Colgate Plax Menta Fresca 500 Ml,perfumeria,cuidado oral,cuidado oral
Cepillo Dental Gum Classic 411 Twin Pack - 10,perfumeria,cuidado oral,cuidado oral
Cepillo De Dientes Colgate Twister Medio 3 U,perfumeria,cuidado oral,cuidado oral
Pasta Dental Sensodyne Proteccion Completa+ 90gr,perfumeria,cuidado oral,cuidado oral
Gel Dental Colgate Kids Strawberry 50g,perfumeria,cuidado oral,cuidado oral
Tableta Limpiadora Corega Tabs 3 Minutos 30u,perfumeria,cuidado oral,cuidado oral
Cepillo De Dientes Colgate Slim Soft Black 2 U,perfumeria,cuidado oral,cuidado oral
Cepillo Dental Gum Classic 311 Twin Pack - 10,perfumeria,cuidado oral,cuidado oral
Pasta Dental Colgate Total 12 Encias Sanas 90g,perfumeria,cuidado oral,cuidado oral
Pasta Dental Sensodyne Rapido Alivio Blanqueador100gr,perfumeria,cuidado oral,cuidado oral
Cepillo De Dientes Sensodyne Repara & Protege X 2 Suave,perfumeria,cuidado oral,cuidado oral
Pasta Dental Infantil Sensodyne Proesmalte Ninos 129gr,perfumeria,cuidado oral,cuidado oral
Pasta Dental Parodontax Blanqueador 124gr,perfumeria,cuidado oral,cuidado oral
Pasta Dental Colgate Total 12 Encias Sanas 140g,perfumeria,cuidado oral,cuidado oral
Pasta Dental Luminous White Lovers Cafe 70 G,perfumeria,cuidado oral,cuidado oral
Enjuague Bucal Listerine Antisarro Suave Sn Alcohol X250,perfumeria,cuidado oral,cuidado oral
Cep Dental Gum 311 Classic Suave Delg,perfumeria,cuidado oral,cuidado oral
Enjuague Bucal Listerine Anticaries Extra Suave X500ml,perfumeria,cuidado oral,cuidado oral
Palillo Interdental Soft Picksgum X 15 Un,perfumeria,cuidado oral,cuidado oral
Algodon Estrella Clasico 75 Gr,perfumeria,farmacia,farmacia
Algodon Estrella Familiar Super 100 Gr,perfumeria,farmacia,farmacia
Preservativo Prime Super Fino  Gel Hot X6,perfumeria,farmacia,farmacia
Curitas Tela X 10,perfumeria,farmacia,farmacia
Curitas Tela X 20,perfumeria,farmacia,farmacia
Algodon Estrella Premium 150g,perfumeria,farmacia,farmacia
Algodon Estrella Premium 75g,perfumeria,farmacia,farmacia
Apositos Adhesivos Curitas Mania Todo Tipo De Piel 6 Ud,perfumeria,farmacia,farmacia
Apositos Adhesivos Curitas Flexible Xl Para Todo Tipo De Piel X 10 Ud,perfumeria,farmacia,farmacia
Apositos Adhesivos Curitas Be Happy Para Todo Tipo De Piel X 20 Ud,perfumeria,farmacia,farmacia
Algodon Algabo Pompon 50,perfumeria,farmacia,farmacia
Preservativo Prime Ultra Fino  Gel Natural X6,perfumeria,farmacia,farmacia
Jamon Cocido Cuisine & Co,fiambres y quesos,quesos,Leche/ productos lacteos/ huevos y alimentos vegetales
Jamon Cocido Bocatti Feteado,fiambres y quesos,quesos,Leche/ productos lacteos/ huevos y alimentos vegetales
Jamon Paladini Cocido Fetas Finas X 200 Gr,fiambres y quesos,quesos,Leche/ productos lacteos/ huevos y alimentos vegetales
Jamon Cocido Selec Cuisine &co,fiambres y quesos,quesos,Leche/ productos lacteos/ huevos y alimentos vegetales
Jamon Cocido Linea Permi Paladini X 150 Gr,fiambres y quesos,quesos,Leche/ productos lacteos/ huevos y alimentos vegetales
Salame Fuet Bocatti 130 Gr,fiambres y quesos,quesos,Leche/ productos lacteos/ huevos y alimentos vegetales
Jamon Cocido Bocatti 1 Kg,fiambres y quesos,quesos,Leche/ productos lacteos/ huevos y alimentos vegetales
Mortadela Paladini Familiar 300 Gr,fiambres y quesos,quesos,Leche/ productos lacteos/ huevos y alimentos vegetales
Mortadela Paladini Familiar 500 Gr,fiambres y quesos,quesos,Leche/ productos lacteos/ huevos y alimentos vegetales
Fuet Tandil Cagnoli 150 Gr,fiambres y quesos,quesos,Leche/ productos lacteos/ huevos y alimentos vegetales
Jamon Crudo Serrano Espana 100 Gr,fiambres y quesos,quesos,Leche/ productos lacteos/ huevos y alimentos vegetales
Salame Fuet Doina 150 Gr,fiambres y quesos,quesos,Leche/ productos lacteos/ huevos y alimentos vegetales
Mortadela Cagnoli 300 Gr,fiambres y quesos,quesos,Leche/ productos lacteos/ huevos y alimentos vegetales
Salame Milan Lario Feteado X 150g,fiambres y quesos,quesos,Leche/ productos lacteos/ huevos y alimentos vegetales
Jamon Crudo Campo Austral X 150 Gr,fiambres y quesos,quesos,Leche/ productos lacteos/ huevos y alimentos vegetales
Salamin Lario Picado Fino Tipo Tandilero  Kg,fiambres y quesos,quesos,Leche/ productos lacteos/ huevos y alimentos vegetales
Bondiola Lario Feteada X 120g,fiambres y quesos,quesos,Leche/ productos lacteos/ huevos y alimentos vegetales
Panceta Campo Austral,fiambres y quesos,quesos,Leche/ productos lacteos/ huevos y alimentos vegetales
Bondiola Paladini Fetas Finas X 120 G,fiambres y quesos,quesos,Leche/ productos lacteos/ huevos y alimentos vegetales
Mortadela Piccola Calchaqui X 300 Gr,fiambres y quesos,quesos,Leche/ productos lacteos/ huevos y alimentos vegetales
Salamin Cagnoli Picado Grueso Pieza 1 Kg,fiambres y quesos,quesos,Leche/ productos lacteos/ huevos y alimentos vegetales
Jamon Crudo Serrano Extrapulido 1 Kg,fiambres y quesos,quesos,Leche/ productos lacteos/ huevos y alimentos vegetales
Bondiola Paladini,fiambres y quesos,quesos,Leche/ productos lacteos/ huevos y alimentos vegetales
Lomo De Cerdo Lario Feteado X 120g,fiambres y quesos,quesos,Leche/ productos lacteos/ huevos y alimentos vegetales
Salame Cagnoli Baston Picado Fino Pieza 1 Kg,fiambres y quesos,quesos,Leche/ productos lacteos/ huevos y alimentos vegetales
Bondiola Feteada Cagnoli 120 Gr,fiambres y quesos,quesos,Leche/ productos lacteos/ huevos y alimentos vegetales
Sopresatta Cagnoli 135 Gr,fiambres y quesos,quesos,Leche/ productos lacteos/ huevos y alimentos vegetales
Salamin Lario Picado Grueso Tipo Tandilero X Kg.,fiambres y quesos,quesos,Leche/ productos lacteos/ huevos y alimentos vegetales
Salame Campo Austral Milan 1 Kg,fiambres y quesos,quesos,Leche/ productos lacteos/ huevos y alimentos vegetales
Pechuga De Pvo Camp Aust Fetda Sbr 150gr,fiambres y quesos,quesos,Leche/ productos lacteos/ huevos y alimentos vegetales
Bondiola Lario Trozada 1 Kg,fiambres y quesos,quesos,Leche/ productos lacteos/ huevos y alimentos vegetales
Leber Cagnoli Paq X 200 Gr,fiambres y quesos,quesos,Leche/ productos lacteos/ huevos y alimentos vegetales
Lomo Bocatti X Kg,fiambres y quesos,quesos,Leche/ productos lacteos/ huevos y alimentos vegetales
Pechuga De Pavo  Campo Austral,fiambres y quesos,quesos,Leche/ productos lacteos/ huevos y alimentos vegetales
Chorizo De Cerdo Espana Extra X 100 Gr,fiambres y quesos,quesos,Leche/ productos lacteos/ huevos y alimentos vegetales
Tapa Seleccion Espana X 100 Gr,fiambres y quesos,quesos,Leche/ productos lacteos/ huevos y alimentos vegetales
Salame Fuet Campo Austral,fiambres y quesos,quesos,Leche/ productos lacteos/ huevos y alimentos vegetales
Paleta Cocida Paladini Fetas Finas X 200 Gr,fiambres y quesos,quesos,Leche/ productos lacteos/ huevos y alimentos vegetales
Mortadela Cagnoli X 180 Gr,fiambres y quesos,quesos,Leche/ productos lacteos/ huevos y alimentos vegetales
Salamin Cabana Argentina Picado Grueso X Kg,fiambres y quesos,quesos,Leche/ productos lacteos/ huevos y alimentos vegetales
Fuet Serrano Cagnoli 150 Gr,fiambres y quesos,quesos,Leche/ productos lacteos/ huevos y alimentos vegetales
Jamon Serrano Reserva Sin Hueso Espana X Kg,fiambres y quesos,quesos,Leche/ productos lacteos/ huevos y alimentos vegetales
Jamon Crudo Espana Iberico De Cebo X 80 Gr.,fiambres y quesos,quesos,Leche/ productos lacteos/ huevos y alimentos vegetales
Lomo De Cerdo Cocido X Kg,fiambres y quesos,quesos,Leche/ productos lacteos/ huevos y alimentos vegetales
Jamn Cocido Natural Labratto 1 Kg,fiambres y quesos,quesos,Leche/ productos lacteos/ huevos y alimentos vegetales
Jamon Crudo Serrano Espana 150 Gr,fiambres y quesos,quesos,Leche/ productos lacteos/ huevos y alimentos vegetales
Queso Barra Jumbo Tripack,fiambres y quesos,quesos,Leche/ productos lacteos/ huevos y alimentos vegetales
Queso Cremon Cremoso,fiambres y quesos,quesos,Leche/ productos lacteos/ huevos y alimentos vegetales
Queso Clasico Casancrem 480g,fiambres y quesos,quesos,Leche/ productos lacteos/ huevos y alimentos vegetales
Queso Barra Danbo Cuisine&co,fiambres y quesos,quesos,Leche/ productos lacteos/ huevos y alimentos vegetales
Queso Untable Finlandia 290 Gr,fiambres y quesos,quesos,Leche/ productos lacteos/ huevos y alimentos vegetales
Queso Parmesano La Paulina X Kg.,fiambres y quesos,quesos,Leche/ productos lacteos/ huevos y alimentos vegetales
Queso Mozzarella Barraza 1kg,fiambres y quesos,quesos,Leche/ productos lacteos/ huevos y alimentos vegetales
Queso Light Casancrem 480g,fiambres y quesos,quesos,Leche/ productos lacteos/ huevos y alimentos vegetales
Queso Port Salut Ls Sin Lactosa Paquete X Kg,fiambres y quesos,quesos,Leche/ productos lacteos/ huevos y alimentos vegetales
Queso Crema La Paulina Tradicional 290 Gr,fiambres y quesos,quesos,Leche/ productos lacteos/ huevos y alimentos vegetales
Queso Cremoso Ls Cremon 1 Kg,fiambres y quesos,quesos,Leche/ productos lacteos/ huevos y alimentos vegetales
Queso Cremon Doble Crema Paquete X Kg,fiambres y quesos,quesos,Leche/ productos lacteos/ huevos y alimentos vegetales
Queso Untable Finlandia Clasico 180 Gr,fiambres y quesos,quesos,Leche/ productos lacteos/ huevos y alimentos vegetales
Queso Adler Jamon 100 Gr,fiambres y quesos,quesos,Leche/ productos lacteos/ huevos y alimentos vegetales
Queso Crema Sin Tacc Cuisine & Co 290gr,fiambres y quesos,quesos,Leche/ productos lacteos/ huevos y alimentos vegetales
Queso Cremoso Punta Del Agua,fiambres y quesos,quesos,Leche/ productos lacteos/ huevos y alimentos vegetales
Queso Casancrem Light 290g,fiambres y quesos,quesos,Leche/ productos lacteos/ huevos y alimentos vegetales
Queso Reggianito Rallado La Serenisima 130 Gr,fiambres y quesos,quesos,Leche/ productos lacteos/ huevos y alimentos vegetales
Queso Untable Finlandia Balance 290 Gr,fiambres y quesos,quesos,Leche/ productos lacteos/ huevos y alimentos vegetales
Queso En Feta La Paulina Danbo X 180 Gr,fiambres y quesos,quesos,Leche/ productos lacteos/ huevos y alimentos vegetales
Queso Pategras La Serenisima Horma - Minimo 1 Kg Mayorista,fiambres y quesos,quesos,Leche/ productos lacteos/ huevos y alimentos vegetales
Queso Danbo Feteado La Serenisima 150 Gr.,fiambres y quesos,quesos,Leche/ productos lacteos/ huevos y alimentos vegetales
Queso Untable La Serenisima Cremon 280 Gr,fiambres y quesos,quesos,Leche/ productos lacteos/ huevos y alimentos vegetales
Queso Blanco Descremado Cuisine & Co 290gr,fiambres y quesos,quesos,Leche/ productos lacteos/ huevos y alimentos vegetales
Queso Port Salut La La Paulina 1 Kg,fiambres y quesos,quesos,Leche/ productos lacteos/ huevos y alimentos vegetales
Queso Reggianito Rallado La Serenisima 35gr,fiambres y quesos,quesos,Leche/ productos lacteos/ huevos y alimentos vegetales
Queso Lsclasico Light 290g,fiambres y quesos,quesos,Leche/ productos lacteos/ huevos y alimentos vegetales
Queso De Crema Festa 290g,fiambres y quesos,quesos,Leche/ productos lacteos/ huevos y alimentos vegetales
Queso Lsclasico 290g,fiambres y quesos,quesos,Leche/ productos lacteos/ huevos y alimentos vegetales
Queso Cremoso La Paulina Doble Crema 1 Kg,fiambres y quesos,quesos,Leche/ productos lacteos/ huevos y alimentos vegetales
Queso Rallado Milakut 120 Gr,fiambres y quesos,quesos,Leche/ productos lacteos/ huevos y alimentos vegetales
Queso Bocconcino Fior Di Latte Arrivata 150 Gr,fiambres y quesos,quesos,Leche/ productos lacteos/ huevos y alimentos vegetales
Q.procesado Finlandia Light 180g,fiambres y quesos,quesos,Leche/ productos lacteos/ huevos y alimentos vegetales
Mozzarella La Serenisima 220gr,fiambres y quesos,quesos,Leche/ productos lacteos/ huevos y alimentos vegetales
Queso Barra Punta Del Agua Sobre X Kg,fiambres y quesos,quesos,Leche/ productos lacteos/ huevos y alimentos vegetales
Queso Crema La Paulina Doble Crema 250 Gr,fiambres y quesos,quesos,Leche/ productos lacteos/ huevos y alimentos vegetales
Queso Mascarpone Cuisine & Co 200gr,fiambres y quesos,quesos,Leche/ productos lacteos/ huevos y alimentos vegetales
Queso Gouda La Serenisima X Kg,fiambres y quesos,quesos,Leche/ productos lacteos/ huevos y alimentos vegetales
Queso Sbrinz Melincue,fiambres y quesos,quesos,Leche/ productos lacteos/ huevos y alimentos vegetales
Queso Pategras La Serenisima Paquete X Kg,fiambres y quesos,quesos,Leche/ productos lacteos/ huevos y alimentos vegetales
Queso Cheddar Feteado La Serenisima 150gr,fiambres y quesos,quesos,Leche/ productos lacteos/ huevos y alimentos vegetales
Queso Sardo La Serenisima Paquete X Kg,fiambres y quesos,quesos,Leche/ productos lacteos/ huevos y alimentos vegetales
Queso Rallado Milkaut,fiambres y quesos,quesos,Leche/ productos lacteos/ huevos y alimentos vegetales
Queso Rallado La Paulina Hebras Italiano 135 Gr,fiambres y quesos,quesos,Leche/ productos lacteos/ huevos y alimentos vegetales
Queso La Serenisima Finlandia Reducido En Calorias 180g,fiambres y quesos,quesos,Leche/ productos lacteos/ huevos y alimentos vegetales
Queso Hebras La Paulina Equilibrio,fiambres y quesos,quesos,Leche/ productos lacteos/ huevos y alimentos vegetales
Queso Crema La Paulina Ciboulette 250 Gr,fiambres y quesos,quesos,Leche/ productos lacteos/ huevos y alimentos vegetales
Queso Fontina La Paulina,fiambres y quesos,quesos,Leche/ productos lacteos/ huevos y alimentos vegetales
Pechito De Cerdo Fresco,carnes,cerdo,Carnes y derivados
Matambrito de cerdo fresco,carnes,cerdo,Carnes y derivados
Bife De Paleta De Cerdo Fresco,carnes,cerdo,Carnes y derivados
Bife De Jamon De Cerdo Fresco,carnes,cerdo,Carnes y derivados
Patitas De Cerdo Congelada,carnes,cerdo,Carnes y derivados
Matambrito De Cerdo - Cabana Argentina,carnes,cerdo,Carnes y derivados
Ribbs De Cerdo - Cabana Argentina,carnes,cerdo,Carnes y derivados
Matambrito De Cerdo - Doina,carnes,cerdo,Carnes y derivados
Salchicha De Cerdo Envasada Al Vacio 350 Gr Magret,carnes,cerdo,Carnes y derivados
Carne Vacuna Picada Enfriada E,carnes,vaca,Carnes y derivados
Carne Vacuna Picada Enfriada C,carnes,vaca,Carnes y derivados
Asado Del Centro,carnes,vaca,Carnes y derivados
Milanesa Nalga,carnes,vaca,Carnes y derivados
Peceto,carnes,vaca,Carnes y derivados
Roast Beef Churrasco,carnes,vaca,Carnes y derivados
Picada Premium,carnes,vaca,Carnes y derivados
Tapa De Asado,carnes,vaca,Carnes y derivados
Tapa De Nalga,carnes,vaca,Carnes y derivados
Colita De Cuadril Premium,carnes,vaca,Carnes y derivados
Ojo De Bife Premium,carnes,vaca,Carnes y derivados
Bife De Chorizo Churrasco,carnes,vaca,Carnes y derivados
Peceto Medio Premium,carnes,vaca,Carnes y derivados
Tapa De Nalga Premium,carnes,vaca,Carnes y derivados
Adhesivo sintetico Voligoma 2 u x 30 cc.,bazar y textil,libreria,libreria
Lapiz corrector Simball 7 cc 1 u.,bazar y textil,libreria,libreria
Repuesto escolar n3 America rayado 400 hojas,bazar y textil,libreria,libreria
Goma de borrar Maped technic 300 2 u.,bazar y textil,libreria,libreria
Repuesto escolar Carrefour N3 rayado 480 hojas,bazar y textil,libreria,libreria
Sacapuntas Maped boogy 3 u.,bazar y textil,libreria,libreria
Folio n3 Luma  extra cristal x 10 uni,bazar y textil,libreria,libreria
Lapicera retractil Paper Mate KM 100 azul 3 u.,bazar y textil,libreria,libreria
Cuaderno rayado America terra 80 hojas,bazar y textil,libreria,libreria
Folio n3 Luma clasico 10 u.,bazar y textil,libreria,libreria
Resma a4 70 g. Pampa 500 hojas,bazar y textil,libreria,libreria
Repuesto Exito n5 dibujo blanco 8 hojas,bazar y textil,libreria,libreria
Goma de borrar Carrefour 3 u.,bazar y textil,libreria,libreria
Adhesivo en barra Carrefour 2 u. x 10 g.,bazar y textil,libreria,libreria
Adhesivo sintetico Voligoma 30 cc.,bazar y textil,libreria,libreria
Goma de borrar PP 1 u.,bazar y textil,libreria,libreria
Regla Maped 15 cm transparente,bazar y textil,libreria,libreria
Repuesto roller Pelikan locorrijo,bazar y textil,libreria,libreria
Lapiz grafito Carrefour con goma hb 4 u.,bazar y textil,libreria,libreria
Regla flex Carrefour 20 cm azul,bazar y textil,libreria,libreria
Cuaderno rayado Rivadavia ABC N3 rojo 50 hojas,bazar y textil,libreria,libreria
Regla Maped 20 cm. x 1 uni transparente,bazar y textil,libreria,libreria
Goma de borrar Maped Duo technic tinta lapiz 2 u.,bazar y textil,libreria,libreria
Cuaderno rayado Rivadavia ABC N3 azul 50 hojas,bazar y textil,libreria,libreria
Repuesto escolar Rivadavia n3 rayado 48 hojas,bazar y textil,libreria,libreria
Tijera Maped essentials 13 cm. 1 u.,bazar y textil,libreria,libreria
Boligrafo Filgo stick azul x 4 uni,bazar y textil,libreria,libreria
Goma de borrar Carrefour Brilliant 3 u.,bazar y textil,libreria,libreria
Resaltador Carrefour ergo fluor 4 u.,bazar y textil,libreria,libreria
Lapices de colores Carrefour ergonomicos 24 u.,bazar y textil,libreria,libreria
Block de dibujo n5 El Nene blanco 24 hojas,bazar y textil,libreria,libreria
Cuaderno rayado America 48 hojas,bazar y textil,libreria,libreria
Sacapuntas Maped metal 1 u.,bazar y textil,libreria,libreria
Cuaderno cuadriculado Avon 22 x 29 cm 84 hojas,bazar y textil,libreria,libreria
Lapicera BIC cristal fine 0.8 mm. azul 3 u.,bazar y textil,libreria,libreria
Resma A4 75 grs Boreal 500 hojas,bazar y textil,libreria,libreria
Lapiz de grafito Filgo Sigma Flex hb 4 u.,bazar y textil,libreria,libreria
Boligrafo Bic x 4 cristal fashion,bazar y textil,libreria,libreria
Lapiz corrector Liquid Paper 7 cc.,bazar y textil,libreria,libreria
Lapicera borrable Paper Mate azul 1 u.,bazar y textil,libreria,libreria
Resaltador Filgo amarillo rosa 2 u.,bazar y textil,libreria,libreria
Repuesto cuadriculado Exito n3 96 hojas,bazar y textil,libreria,libreria
Lapiz de grafito BIC Evolution 650 4 u.,bazar y textil,libreria,libreria
Repuesto escolar Carrefour N3 cuadriculado 192 hojas,bazar y textil,libreria,libreria
Plastilinas Maped colors 6 u.,bazar y textil,libreria,libreria
Lapicera Bic cristal surtido 4 u.,bazar y textil,libreria,libreria
Repuesto escolar N3 Gloria cuadric 96 hojas,bazar y textil,libreria,libreria
Resma Punax A4 75 g.,bazar y textil,libreria,libreria
Celular libre Xiaomi REDMI10C 4gb 128gb verde,electrodomesticos y tecnologia,celulares,celulares y pequenos electrodomesticos
Celular Libre Motorola G42 4GB 128GB rosa,electrodomesticos y tecnologia,celulares,celulares y pequenos electrodomesticos
Celular libre Motorola g23 4gb 128 gb azul,electrodomesticos y tecnologia,celulares,celulares y pequenos electrodomesticos
Celular libre Xiaomi REDMI NOTE 11 4gb 128gb negro,electrodomesticos y tecnologia,celulares,celulares y pequenos electrodomesticos
Celular Kodak Seren d55 lx 2GB 32GB negro,electrodomesticos y tecnologia,celulares,celulares y pequenos electrodomesticos
Celular libre Xiaomi redmi10c 4gb 128gb negro,electrodomesticos y tecnologia,celulares,celulares y pequenos electrodomesticos
Celular libre Motorola e22 3gb32gb,electrodomesticos y tecnologia,celulares,celulares y pequenos electrodomesticos
Celular Libre Samsung GALAXY A04E 3GB 64GB negro,electrodomesticos y tecnologia,celulares,celulares y pequenos electrodomesticos
Celular libre Xiaomi redmi 12c 4gb 128gb m,electrodomesticos y tecnologia,celulares,celulares y pequenos electrodomesticos
Celular libre Samsung Galaxy A04 128GB negro,electrodomesticos y tecnologia,celulares,celulares y pequenos electrodomesticos
Cable usb tipo c Poss 3.0 1m blanco,electrodomesticos y tecnologia,celulares,celulares y pequenos electrodomesticos
Soporte de celular Dekkin para auto 2 en 1,electrodomesticos y tecnologia,celulares,celulares y pequenos electrodomesticos
Celular libre Xiaomi redmi 12c 4gb 128gb ocean blue,electrodomesticos y tecnologia,celulares,celulares y pequenos electrodomesticos
Celular Kodak Seren d61l 2GB 32GB blanco,electrodomesticos y tecnologia,celulares,celulares y pequenos electrodomesticos
Celular Kodak seren d61l 2 32 gb gris,electrodomesticos y tecnologia,celulares,celulares y pequenos electrodomesticos
Celular libre Samsung galaxy a54 8 128gb black,electrodomesticos y tecnologia,celulares,celulares y pequenos electrodomesticos
Celular Samsung Galaxy A04s 128gb 4gb Ram Negro,electrodomesticos y tecnologia,celulares,celulares y pequenos electrodomesticos
Smartband Soul SLIM 200 rosa,electrodomesticos y tecnologia,celulares,celulares y pequenos electrodomesticos
Reloj SmartWatch Xiaomi Redmi Smart Band 2 GL - Ivory,electrodomesticos y tecnologia,celulares,celulares y pequenos electrodomesticos
Celular libre Samsung Galaxy A04e 3GB 32GB azul,electrodomesticos y tecnologia,celulares,celulares y pequenos electrodomesticos
Samsung Galaxy S23 Ultra 256 GB Green SM-S918BZGM,electrodomesticos y tecnologia,celulares,celulares y pequenos electrodomesticos
Celular Samsung Galaxy A34 128gb 6gb Ram Awesome Lime,electrodomesticos y tecnologia,celulares,celulares y pequenos electrodomesticos
Samsung Galaxy A14 - 128GB Black,electrodomesticos y tecnologia,celulares,celulares y pequenos electrodomesticos
Samsung Galaxy S21 FE 5G 128 GB / 6 GB RAM White Fan Edition,electrodomesticos y tecnologia,celulares,celulares y pequenos electrodomesticos
Samsung Galaxy A34 5G - 128GB SILVER-,electrodomesticos y tecnologia,celulares,celulares y pequenos electrodomesticos
Celular libre Samsung GALAXY A34 5G 6GB 128GB,electrodomesticos y tecnologia,celulares,celulares y pequenos electrodomesticos
Samsung Galaxy A04 64 GB / 4 GB RAM White SM-A045MZWE,electrodomesticos y tecnologia,celulares,celulares y pequenos electrodomesticos
Xiaomi Redmi 12C 4GB RAM 128GB ROM Lavender Purple,electrodomesticos y tecnologia,celulares,celulares y pequenos electrodomesticos
Reloj Smart Band Xiaomi Smart Band 7 GL,electrodomesticos y tecnologia,celulares,celulares y pequenos electrodomesticos
Cable USB tipo-C,electrodomesticos y tecnologia,celulares,celulares y pequenos electrodomesticos
Samsung Galaxy A14 5G 128GB / 4GB 6.6   50Mpx Black,electrodomesticos y tecnologia,celulares,celulares y pequenos electrodomesticos
"Monitor LED 32"" CHIQ  / QHD/ HDMI/ 32F600",electrodomesticos y tecnologia,informatica,informatica
"Monitor led Chiq  27"" fhd hdmi vga",electrodomesticos y tecnologia,informatica,informatica
"Monitor Led 24"" CHIQ  FHD/ HDMI /LMN24F650",electrodomesticos y tecnologia,informatica,informatica
Impresora multifuncion Epson sistema continuo wi-fi Ecotank L3250 negro,electrodomesticos y tecnologia,informatica,informatica
Cable USB Tipo C Poss round 1 mt PSUSBC2-1 blanco,electrodomesticos y tecnologia,informatica,informatica
"Notebook Noblex  14"" HD CEL N4020C / 4GB/ 128GB SSD",electrodomesticos y tecnologia,informatica,informatica
"Monitor led  HKC 24"" FHD HK24FHDP negro",electrodomesticos y tecnologia,informatica,informatica
Consola PS5 HW digital God Of  War Bundle,electrodomesticos y tecnologia,informatica,informatica
Mouse optico maxell azul 5 botones mod 438418,electrodomesticos y tecnologia,informatica,informatica
"Notebook HP 14"" celn4120 4gb ram 256gb ssd 14",electrodomesticos y tecnologia,informatica,informatica
"Monitor led Samsung 24"" FHD VGA HDMI LF24T350FHLCZB negro",electrodomesticos y tecnologia,informatica,informatica
Mouse gamer Poss psgm8022bk,electrodomesticos y tecnologia,informatica,informatica
Cable micro usb Poss Round PSMICRO-1RBK negro,electrodomesticos y tecnologia,informatica,informatica
Cable micro usb Poss Round  PSMICRO-1RWH blanco,electrodomesticos y tecnologia,informatica,informatica
Teclado con cable Poss psk313bk negro,electrodomesticos y tecnologia,informatica,informatica
Impresora sist continuo Epson wi fi ecotank l1250,electrodomesticos y tecnologia,informatica,informatica
Botella de tinta HP GT53 negro,electrodomesticos y tecnologia,informatica,informatica
"Monitor Led 27"" Noblex fhd 91MK27X7100",electrodomesticos y tecnologia,informatica,informatica
Mouse optico Maxell plata 5 botones mod 438418,electrodomesticos y tecnologia,informatica,informatica
Mouse optico Maxell azul 5 botones mod 438418,electrodomesticos y tecnologia,informatica,informatica
Botella tinta Epson T544520-4P pack x 4 uni CMYK,electrodomesticos y tecnologia,informatica,informatica
Microfono Karaoke inalambrico PG9207,electrodomesticos y tecnologia,informatica,informatica
Botella de tinta HP GT52  amarilla,electrodomesticos y tecnologia,informatica,informatica
Mouse optico Maxell Gaming SAMURAI MXG negro,electrodomesticos y tecnologia,informatica,informatica
Impresora multifuncion HP DeskJet Ink Advantage DJ-2375,electrodomesticos y tecnologia,informatica,informatica
Teclado gamer Poss psgk808bk,electrodomesticos y tecnologia,informatica,informatica
Reproductor sreaming Roku Express 4k 3940mx 1GB,electrodomesticos y tecnologia,informatica,informatica
Cable adaptador Noga audio miniplug negro,electrodomesticos y tecnologia,informatica,informatica
Mouse con cable usb Poss psom05bk negro,electrodomesticos y tecnologia,informatica,informatica
Notebook Exo 14 celn4020 4gb 128gb 256gb ssd smart,electrodomesticos y tecnologia,informatica,informatica
Cartucho HP 667 Tri Color,electrodomesticos y tecnologia,informatica,informatica
"Notebook Lenovo 15"" ci5 12450h 8gb ram 512gb ssd sl",electrodomesticos y tecnologia,informatica,informatica
Teclado inalambrico Maxell wkbc 20 negro slim,electrodomesticos y tecnologia,informatica,informatica
"Tablet 10"" Pcbox 4GB ram 64GB t105quick gris",electrodomesticos y tecnologia,informatica,informatica
Cable hdmi a hdmi Poss 3m negro,electrodomesticos y tecnologia,informatica,informatica
Teclado con cable usb Maxell kb90 basic negro,electrodomesticos y tecnologia,informatica,informatica
"Tablet 12"" Lenovo 12 pro 8gb 256gb ufs 3 1 za9d0075",electrodomesticos y tecnologia,informatica,informatica
Teclado mouse maxell inalambrico wkbc 300 negro,electrodomesticos y tecnologia,informatica,informatica
Botella de Tinta HP M0H55AL Magenta Deskjet Gt5820 8000p,electrodomesticos y tecnologia,informatica,informatica
Pc de escritorio GFAST CEL N4020 4GB 120GB H 150 CHILD I4120W,electrodomesticos y tecnologia,informatica,informatica
Cable hdmi a mini hdmi Poss 1.8m negro,electrodomesticos y tecnologia,informatica,informatica
Cartucho de Tinta HP 664 F6V29AL NEGRO original 3775 4535,electrodomesticos y tecnologia,informatica,informatica
Cartucho de Tinta HP 664 F6V28AL TRICOLOR original 3775 3785,electrodomesticos y tecnologia,informatica,informatica
Memoria Ram Hikvision 8GB DDR4 3200MHZ SODIMM,electrodomesticos y tecnologia,informatica,informatica
Notebook Lenovo 14 ci3 1115g4 8gb 256gb 82h701dtar,electrodomesticos y tecnologia,informatica,informatica
"Monitor led Samsung 22"" FHD VGA HDMI LF22T350FHLCZB negro",electrodomesticos y tecnologia,informatica,informatica
"Tablet 8"" Samsung 3GB 32GB GALAXY TAB A7 LITE",electrodomesticos y tecnologia,informatica,informatica
Botella De Tinta Hp Gt53 1VV22AL Negro Original 90Ml,electrodomesticos y tecnologia,informatica,informatica
Yogur entero natural Yogurisimo sin azucar 300 g.,lacteos,yogures,Leche/ productos lacteos/ huevos y alimentos vegetales
Yogur bebible frutilla La SerenIsima clasico 900 g.,lacteos,yogures,Leche/ productos lacteos/ huevos y alimentos vegetales
Yogur firme vainilla La Serenisima clasico 120 g.,lacteos,yogures,Leche/ productos lacteos/ huevos y alimentos vegetales
Yogur firme frutilla La Serenisima clasico 120 g.,lacteos,yogures,Leche/ productos lacteos/ huevos y alimentos vegetales
Yogur bebible entero La serenisima de frutilla en sachet 1100 g.,lacteos,yogures,Leche/ productos lacteos/ huevos y alimentos vegetales
Yogur bebible descremado frutilla La Serenisima clasico 900 g.,lacteos,yogures,Leche/ productos lacteos/ huevos y alimentos vegetales
Yogur bebible vainilla La SerenIsima clasico 900 g.,lacteos,yogures,Leche/ productos lacteos/ huevos y alimentos vegetales
Yogur bebible entero Gran compra sabor frutilla 900 g.,lacteos,yogures,Leche/ productos lacteos/ huevos y alimentos vegetales
Yogur bebible descremado vainilla La Serenisima clasico 900 g.,lacteos,yogures,Leche/ productos lacteos/ huevos y alimentos vegetales
Yogur descremado cremoso La serenisima sabor vainilla en pote 120 g.,lacteos,yogures,Leche/ productos lacteos/ huevos y alimentos vegetales
Yogur firme vainilla La Serenisima clasico 190 g.,lacteos,yogures,Leche/ productos lacteos/ huevos y alimentos vegetales
Yogur bebible entero La serenisima de vainilla en sachet 1100 g.,lacteos,yogures,Leche/ productos lacteos/ huevos y alimentos vegetales
Yogur bebible entero Gran compra sabor vainilla 900 g.,lacteos,yogures,Leche/ productos lacteos/ huevos y alimentos vegetales
Yogur descremado cremoso La serenisima 120 g.,lacteos,yogures,Leche/ productos lacteos/ huevos y alimentos vegetales
Yogur cremoso entero Milkaut de frutilla en pote 120 g.,lacteos,yogures,Leche/ productos lacteos/ huevos y alimentos vegetales
Yogur cremoso entero Milkaut de vainilla en pote 120 g.,lacteos,yogures,Leche/ productos lacteos/ huevos y alimentos vegetales
Yogur entero cremoso La serenisima sabor vainilla 120 g.,lacteos,yogures,Leche/ productos lacteos/ huevos y alimentos vegetales
Yogur entero La serenisima cremoso de durazno en pote 120 g.,lacteos,yogures,Leche/ productos lacteos/ huevos y alimentos vegetales
Yogur batido frutilla La Serenisima clasico 120 g.,lacteos,yogures,Leche/ productos lacteos/ huevos y alimentos vegetales
Yogur bebible durazno La SerenIsima clasico 900 g.,lacteos,yogures,Leche/ productos lacteos/ huevos y alimentos vegetales
Yogur firme frutilla Gran Compra 120 g.,lacteos,yogures,Leche/ productos lacteos/ huevos y alimentos vegetales
Yogur firme frutilla La Serenisima clasico 190 g.,lacteos,yogures,Leche/ productos lacteos/ huevos y alimentos vegetales
Yogur descremado La serenisima con cereales 157 g.,lacteos,yogures,Leche/ productos lacteos/ huevos y alimentos vegetales
Yogur griego arandanos a la crema Yogurisimo 125 g.,lacteos,yogures,Leche/ productos lacteos/ huevos y alimentos vegetales
Yogur griego vainilla caramel Yogurisimo 125 g.,lacteos,yogures,Leche/ productos lacteos/ huevos y alimentos vegetales
Yogur con rocklets La Serenisima clasico 164 g.,lacteos,yogures,Leche/ productos lacteos/ huevos y alimentos vegetales
Yogur natur big pot natural Ser 300 g.,lacteos,yogures,Leche/ productos lacteos/ huevos y alimentos vegetales
Yogur firme descremado frutilla La Serenisima clasico 190 g.,lacteos,yogures,Leche/ productos lacteos/ huevos y alimentos vegetales
Yogur entero natural Yogurisimo conicet 300 g.,lacteos,yogures,Leche/ productos lacteos/ huevos y alimentos vegetales
Yogur con cereales Yogurisimo 166 g.,lacteos,yogures,Leche/ productos lacteos/ huevos y alimentos vegetales
Yogur bebible frutilla Yogurisimo 900 g.,lacteos,yogures,Leche/ productos lacteos/ huevos y alimentos vegetales
Yogur bebible deslactosado vainilla La Serenisima clasico 900 g.,lacteos,yogures,Leche/ productos lacteos/ huevos y alimentos vegetales
Yogur natural endulzado Yogurisimo 190 g.,lacteos,yogures,Leche/ productos lacteos/ huevos y alimentos vegetales
Yogur bebible deslactosado frutilla La Serenisima clasico 900 g.,lacteos,yogures,Leche/ productos lacteos/ huevos y alimentos vegetales
Yogur descremado Milkaut vainilla pote 190 g.,lacteos,yogures,Leche/ productos lacteos/ huevos y alimentos vegetales
Yogur batido natural Ser sin endulzar 150 g.,lacteos,yogures,Leche/ productos lacteos/ huevos y alimentos vegetales
Yogur entero Milkaut de frutilla en sachet 905 g.,lacteos,yogures,Leche/ productos lacteos/ huevos y alimentos vegetales
Yogur bebible vainilla Yogurisimo 900 g.,lacteos,yogures,Leche/ productos lacteos/ huevos y alimentos vegetales
Yogur batido descremado Gran compra de vainilla 120 g.,lacteos,yogures,Leche/ productos lacteos/ huevos y alimentos vegetales
Yogur griego Yogurisimo lemon pie 125 g.,lacteos,yogures,Leche/ productos lacteos/ huevos y alimentos vegetales
Yogur entero La Cremeria con confites de frutilla 120 g.,lacteos,yogures,Leche/ productos lacteos/ huevos y alimentos vegetales
Yogur firme vainilla Gran Compra 120 g.,lacteos,yogures,Leche/ productos lacteos/ huevos y alimentos vegetales
Yogur batido descremado Gran compra de frutilla 120 g.,lacteos,yogures,Leche/ productos lacteos/ huevos y alimentos vegetales
Yogur entero Milkaut sabor vainilla sachet 905 g.,lacteos,yogures,Leche/ productos lacteos/ huevos y alimentos vegetales
Yogur batido arandanos La Serenisima clasico 140 g.,lacteos,yogures,Leche/ productos lacteos/ huevos y alimentos vegetales
Yogur entero Milkaut de vainilla 0 lact en pote 120 g.,lacteos,yogures,Leche/ productos lacteos/ huevos y alimentos vegetales
Yogur firme vainilla pack x4 Yogurisimo 120 g.,lacteos,yogures,Leche/ productos lacteos/ huevos y alimentos vegetales
Yogur cremix vainilla pack x4 Yogurisimo 120 g.,lacteos,yogures,Leche/ productos lacteos/ huevos y alimentos vegetales
Leche entera UAT Carrefour classic tetra 1 lt.,lacteos,leches,Leche/ productos lacteos/ huevos y alimentos vegetales
Leche UAT entera Carrefour classic brik 1 lt.,lacteos,leches,Leche/ productos lacteos/ huevos y alimentos vegetales
Leche ultra entera Carrefour classic sachet 1 lt.,lacteos,leches,Leche/ productos lacteos/ huevos y alimentos vegetales
Leche entera larga vida La Serenisima clasica 3% botella 1 l.,lacteos,leches,Leche/ productos lacteos/ huevos y alimentos vegetales
Leche multivitaminas 3% La Serenisima sachet 1 l.,lacteos,leches,Leche/ productos lacteos/ huevos y alimentos vegetales
Leche multivitaminas 1% La Serenisima sachet 1 l.,lacteos,leches,Leche/ productos lacteos/ huevos y alimentos vegetales
Leche La Serenisima reducida en lactosa sachet 1 l.,lacteos,leches,Leche/ productos lacteos/ huevos y alimentos vegetales
Leche entera La Serenisima uat fortificada 3% tetra 200 cc.,lacteos,leches,Leche/ productos lacteos/ huevos y alimentos vegetales
Leche entera Casanto 3 ultra para sachet 1 l.,lacteos,leches,Leche/ productos lacteos/ huevos y alimentos vegetales
Leche clasica Las tres ninas 3% fortificada 1 lt.,lacteos,leches,Leche/ productos lacteos/ huevos y alimentos vegetales
Leche multivitaminas 2% La Serenisima sachet 1 l.,lacteos,leches,Leche/ productos lacteos/ huevos y alimentos vegetales
Leche condensada Carrefour tetra 395 g.,lacteos,leches,Leche/ productos lacteos/ huevos y alimentos vegetales
Leche UAT parcialmente descremada Carrefour classic brik 1 lt.,lacteos,leches,Leche/ productos lacteos/ huevos y alimentos vegetales
Leche parcialmente descremada UAT Carrefour classic tetra 1 lt.,lacteos,leches,Leche/ productos lacteos/ huevos y alimentos vegetales
Leche La serenisima liviana 1% 1L,lacteos,leches,Leche/ productos lacteos/ huevos y alimentos vegetales
Leche ulta parcial descremada Carrefour classic sachet 1 lt.,lacteos,leches,Leche/ productos lacteos/ huevos y alimentos vegetales
Leche descremada larga vida La Serenisima cero lactosa 1 l.,lacteos,leches,Leche/ productos lacteos/ huevos y alimentos vegetales
Leche descremada La Serenisima UAT proteinas 1 l.,lacteos,leches,Leche/ productos lacteos/ huevos y alimentos vegetales
Leche en polvo descremada fortificada La Serenisima 200 g.,lacteos,leches,Leche/ productos lacteos/ huevos y alimentos vegetales
Leche en polvo La serenisima zero lactosa 400 g.,lacteos,leches,Leche/ productos lacteos/ huevos y alimentos vegetales
Leche en polvo entera Carrefour classic pouch 400 g.,lacteos,leches,Leche/ productos lacteos/ huevos y alimentos vegetales
Leche en polvo descremada Carrefour classic pouch 125 g.,lacteos,leches,Leche/ productos lacteos/ huevos y alimentos vegetales
Leche en polvo entera Carrefour classic pouch 125 g.,lacteos,leches,Leche/ productos lacteos/ huevos y alimentos vegetales
Bebida a base de proteinas lacteas Molico bolsa 800 g.,lacteos,leches,Leche/ productos lacteos/ huevos y alimentos vegetales
Leche en polvo descremada Svelty 370 g.,lacteos,leches,Leche/ productos lacteos/ huevos y alimentos vegetales
Leche en polvo entera Franz con vitamina A y D 800 g.,lacteos,leches,Leche/ productos lacteos/ huevos y alimentos vegetales
Leche en polvo descremada Svelty 750 g.,lacteos,leches,Leche/ productos lacteos/ huevos y alimentos vegetales
Leche en polvo entera Purisima plus 800 g.,lacteos,leches,Leche/ productos lacteos/ huevos y alimentos vegetales
Golden milk Dicomere leche en polvo de coco vegano 150 g.,lacteos,leches,Leche/ productos lacteos/ huevos y alimentos vegetales
Leche en polvo Sancor bebe 3 advanced 800 g.,lacteos,leches,Leche/ productos lacteos/ huevos y alimentos vegetales
Polvo Lechelista para preparar bebida lactea 800 g.,lacteos,leches,Leche/ productos lacteos/ huevos y alimentos vegetales
Leche modificada en polvo armonia bolsa x 800 grs,lacteos,leches,Leche/ productos lacteos/ huevos y alimentos vegetales
Leche de almendras Silk sin azucar tetra 1 lt.,lacteos,leches,Leche/ productos lacteos/ huevos y alimentos vegetales
Alimento veg. beb. La Serenisima almendra s azucar 1000 cc.,lacteos,leches,Leche/ productos lacteos/ huevos y alimentos vegetales
Te en saquitos diamantado Taragui x 50 uni,desayuno,infusiones,Bebidas no alcoholicas
Cacao en polvo Nesquik 150 g.,desayuno,infusiones,Bebidas no alcoholicas
Cacao en polvo Nesquik cocoa plan 360 g.,desayuno,infusiones,Bebidas no alcoholicas
Mate cocido saquitos diamantados Taragui x 50 uni,desayuno,infusiones,Bebidas no alcoholicas
Cacao en polvo Nesquik cocoa plan 800 g.,desayuno,infusiones,Bebidas no alcoholicas
Te Taragui filtro diamantado x 25 uni,desayuno,infusiones,Bebidas no alcoholicas
Mate cocido saquitos diamantados Taragui x 25 uni,desayuno,infusiones,Bebidas no alcoholicas
Mate cocido saquitos diamantados Taragui x 100 uni,desayuno,infusiones,Bebidas no alcoholicas
Cacao en polvo Nesquik menos azucar 300 g.,desayuno,infusiones,Bebidas no alcoholicas
Te de manzanilla en saquitos Taragui 25 u.,desayuno,infusiones,Bebidas no alcoholicas
Te de manzanilla en saquitos Carrefour 25 u.,desayuno,infusiones,Bebidas no alcoholicas
Te verde en saquitos Taragui 40 u.,desayuno,infusiones,Bebidas no alcoholicas
Cacao en polvo Toddy original bolsa 180 g.,desayuno,infusiones,Bebidas no alcoholicas
Cacao en polvo Arcor en bolsa 180 g.,desayuno,infusiones,Bebidas no alcoholicas
Mate cocido saquitos diamantados Union x 50 uni,desayuno,infusiones,Bebidas no alcoholicas
Mate cocido Amanda 25 uni,desayuno,infusiones,Bebidas no alcoholicas
Te molienda controlada La Virginia x 50 uni,desayuno,infusiones,Bebidas no alcoholicas
Te La Virginia en saquitos x 25 uni,desayuno,infusiones,Bebidas no alcoholicas
Te de tilo manzanilla La Virginia en sobres x 25 uni,desayuno,infusiones,Bebidas no alcoholicas
Te Morenita boldo en saquitos la x 20 uni,desayuno,infusiones,Bebidas no alcoholicas
Cacao en polvo Carrefour classic pouch 180 g.,desayuno,infusiones,Bebidas no alcoholicas
Te manzanilla en saquitos La Virginia x 25 uni,desayuno,infusiones,Bebidas no alcoholicas
Cacao en polvo Carrefour classic pouch 800 g.,desayuno,infusiones,Bebidas no alcoholicas
Te Morenita en saquitos la x 25 uni,desayuno,infusiones,Bebidas no alcoholicas
Te boldo hierbas en saquitos La Virginia x 50 uni,desayuno,infusiones,Bebidas no alcoholicas
Mate cocido Cachamate 25 uni,desayuno,infusiones,Bebidas no alcoholicas
Te La Virginia de canela en saquitos x 20 uni,desayuno,infusiones,Bebidas no alcoholicas
Te Morenita manzanilla en saquitos la x 20 uni,desayuno,infusiones,Bebidas no alcoholicas
Polvo chocolatado Nescao 300 g.,desayuno,infusiones,Bebidas no alcoholicas
Te en saquitos Saint Gottard limon lima jengibre menta 20 u.,desayuno,infusiones,Bebidas no alcoholicas
Te molienda controlada La Virginia x 100 uni,desayuno,infusiones,Bebidas no alcoholicas
Te La Virginia mandarina naranja pomelo x 20 uni,desayuno,infusiones,Bebidas no alcoholicas
Te verde La Virginia citrus en saquitos 20 g.,desayuno,infusiones,Bebidas no alcoholicas
Te verde menta y miel Saint gottard 10 uni,desayuno,infusiones,Bebidas no alcoholicas
Tostadas de arroz Carrefour classic aireadas sin TACC,otro,otro,Pan / pastas y cereales
Tostaditas de arroz Crackines 120 g. sin TACC,otro,otro,Pan / pastas y cereales
Tostadas de arroz Criollitas sin TACC 110 g.,otro,otro,Pan / pastas y cereales
Postre Carrefour a base de pasta de mani barra sin TACC 200 g.,otro,otro,otro
Mate cocido en saquitos Carrefour sin TACC x 50 un.,otro,otro,otro
Galletas de arroz Crisppino queso y cibulette 50 g. sin TACC,otro,otro,Pan / pastas y cereales
Galletita de arroz Crisppino oliva y hierbas 50 g. sin TACC,otro,otro,Pan / pastas y cereales
Chips de batata sin TACC Nuestros Sabores yukitas 70 g.,otro,otro,otro
Te en saquitos Carrefour sin TACC x 50 un.,otro,otro,otro
Jamon cocido 200 g. BAJO PRECIO GARANTIZADO,otro,otro,otro
Maiz inflado Grandiet azucarado sin TACC 200 g.,otro,otro,Pan / pastas y cereales
Fideos fusilli Wakas multicereal kale 250 g. sin TACC,otro,otro,otro
Galletas crackers Smams 150 g. sin TACC,otro,otro,otro
Galletitas Santa Maria vainilla 200 g. sin TACC,otro,otro,otro
Galletitas Santa Maria marmoladas 200 g. sin TACC,otro,otro,otro
Fideos fusilli Wakas arroz con quinoa 250 g. sin TACC,otro,otro,Pan / pastas y cereales
Yerba mate con palo Carrefour sin TACC 1 kg.,otro,otro,otro
Tostadas de arroz Lulemuu con sal 120 g. sin TACC,otro,otro,Pan / pastas y cereales
Barrita arroz banada chocolate negro Lulemuu sin TACC 12 g.,otro,otro,Pan / pastas y cereales
Barrita de arroz Lulemuu banada limon sin TACC 12 g.,otro,otro,Pan / pastas y cereales
Galletitas de chocolate Smams rellenas 105 g. sin TACC,otro,otro,Azucar/ dulces/ chocolate/golosinas/ etc.
Cubanitos de arroz Repop mani sin TACC 18 g.,otro,otro,Pan / pastas y cereales
Galletas de arroz Crisppino jamon 50 g. sin TACC,otro,otro,Pan / pastas y cereales
Barrita de arroz dulce de leche Lulemuu sin TACC 12 g.,otro,otro,Pan / pastas y cereales
Oblea Lulemuu rellena de mani chorqui sin TACC 20 g.,otro,otro,otro
Manteca Ghee cows clarificada sin TACC 300 g.,otro,otro,otro
Yerba mate sabor naranja Carrefour sin TACC 500 g.,otro,otro,otro
Merengue La Amistad mediano color sin TACC 100 grs.,otro,otro,otro
Almohaditas sin TACC rellenas con choco Snuks 240 g.,otro,otro,otro
Merengue La Amistad mediano color 100 grs.,otro,otro,otro
Galletas de arroz y maiz Grandiet vainilla 100 g. sin TACC,otro,otro,Pan / pastas y cereales
Alfajor Donn arroz chocolate sin TACC pack x 3 uni,otro,otro,Pan / pastas y cereales
Galletitas Gullon chips chocolate sin azucares 130 g. sin TACC,otro,otro,Azucar/ dulces/ chocolate/golosinas/ etc.
Mix de frutos secos Zafran almendras pasas 28 g. sin TACC,otro,otro,otro
Mini merengue blancos La Amistad sin TACC 100 grs.,otro,otro,otro
Anillitos Aglu vainilla banados en chocolate 140 g. SIN TACC.,otro,otro,Azucar/ dulces/ chocolate/golosinas/ etc.
Mini merengue La Amistad de colores 100 grs.,otro,otro,otro
Galletas de arroz Grandiet pizza 100 g. sin TACC,otro,otro,Pan / pastas y cereales
Galletitas Vai colegial smams sin TACC 150 g.,otro,otro,otro
Barrita banada chocolate blanco Lulemuu sin TACC 12 g.,otro,otro,Azucar/ dulces/ chocolate/golosinas/ etc.
Yerba mate con palo Carrefour sin TACC 500 g.,otro,otro,otro
Galletas Yuka naranja sin TACC 150 g.,otro,otro,otro
Oblea rellena de frutilla Lulemuu chorqui paquete sin TACC 20 g.,otro,otro,otro
Bizcochos de arroz Lulemuu dulces 50 g. SIN TACC,otro,otro,Pan / pastas y cereales
Cubanitos rellenos Repop sin TACC 15 g. x 5 u.,otro,otro,otro
Mini cake Delician coco y dulce de leche 150 g. sin TACC,otro,otro,otro
Harina de arroz Santa Maria 1 kg. Sin TACC,otro,otro,Pan / pastas y cereales
Barra de arroz Crowie coco pack sin TACC 12 g. x 3 un.,otro,otro,Pan / pastas y cereales
